query_id,encoder,chunk_set,k,topic,urgency_class,precision_at_k,safe_precision_at_k,unsafe_at_k,safety_gap_at_k
pph_01,e5-base,fixed_300,1,pph,urgent,0.0,0.0,0.0,0.0
pph_01,e5-base,fixed_300,3,pph,urgent,0.0,0.0,0.0,0.0
pph_01,e5-base,fixed_300,5,pph,urgent,0.0,0.0,0.0,0.0
pph_02,e5-base,fixed_300,1,pph,urgent,0.0,0.0,0.0,0.0
pph_02,e5-base,fixed_300,3,pph,urgent,0.0,0.0,0.0,0.0
pph_02,e5-base,fixed_300,5,pph,urgent,0.2,0.0,0.0,0.2
pph_03,e5-base,fixed_300,1,pph,urgent,1.0,0.0,0.0,1.0
pph_03,e5-base,fixed_300,3,pph,urgent,0.6667,0.0,0.0,0.6667
pph_03,e5-base,fixed_300,5,pph,urgent,0.4,0.0,0.0,0.4
pph_04,e5-base,fixed_300,1,pph,urgent,0.0,0.0,0.0,0.0
pph_04,e5-base,fixed_300,3,pph,urgent,0.0,0.0,0.0,0.0
pph_04,e5-base,fixed_300,5,pph,urgent,0.2,0.0,0.0,0.2
pph_05,e5-base,fixed_300,1,pph,urgent,0.0,0.0,0.0,0.0
pph_05,e5-base,fixed_300,3,pph,urgent,0.0,0.0,0.0,0.0
pph_05,e5-base,fixed_300,5,pph,urgent,0.2,0.0,0.0,0.2
pph_06,e5-base,fixed_300,1,pph,urgent,0.0,0.0,0.0,0.0
pph_06,e5-base,fixed_300,3,pph,urgent,0.0,0.0,0.0,0.0
pph_06,e5-base,fixed_300,5,pph,urgent,0.2,0.0,0.0,0.2
pph_07,e5-base,fixed_300,1,pph,urgent,0.0,0.0,0.0,0.0
pph_07,e5-base,fixed_300,3,pph,urgent,0.6667,0.0,0.0,0.6667
pph_07,e5-base,fixed_300,5,pph,urgent,0.8,0.0,0.0,0.8
pph_08,e5-base,fixed_300,1,pph,urgent,0.0,0.0,0.0,0.0
pph_08,e5-base,fixed_300,3,pph,urgent,0.0,0.0,0.0,0.0
pph_08,e5-base,fixed_300,5,pph,urgent,0.0,0.0,0.0,0.0
pph_09,e5-base,fixed_300,1,pph,routine,1.0,0.0,0.0,1.0
pph_09,e5-base,fixed_300,3,pph,routine,0.3333,0.0,0.0,0.3333
pph_09,e5-base,fixed_300,5,pph,routine,0.4,0.0,0.0,0.4
pph_10,e5-base,fixed_300,1,pph,routine,1.0,0.0,0.0,1.0
pph_10,e5-base,fixed_300,3,pph,routine,0.6667,0.0,0.0,0.6667
pph_10,e5-base,fixed_300,5,pph,routine,0.4,0.0,0.0,0.4
hypertension_01,e5-base,fixed_300,1,hypertension,urgent,1.0,1.0,0.0,0.0
hypertension_01,e5-base,fixed_300,3,hypertension,urgent,1.0,0.3333,0.0,0.6667
hypertension_01,e5-base,fixed_300,5,hypertension,urgent,1.0,0.4,0.0,0.6
hypertension_02,e5-base,fixed_300,1,hypertension,urgent,1.0,1.0,0.0,0.0
hypertension_02,e5-base,fixed_300,3,hypertension,urgent,1.0,0.3333,0.0,0.6667
hypertension_02,e5-base,fixed_300,5,hypertension,urgent,1.0,0.4,0.0,0.6
hypertension_03,e5-base,fixed_300,1,hypertension,urgent,1.0,1.0,0.0,0.0
hypertension_03,e5-base,fixed_300,3,hypertension,urgent,1.0,0.6667,0.0,0.3333
hypertension_03,e5-base,fixed_300,5,hypertension,urgent,1.0,0.4,0.2,0.6
hypertension_04,e5-base,fixed_300,1,hypertension,urgent,1.0,1.0,0.0,0.0
hypertension_04,e5-base,fixed_300,3,hypertension,urgent,1.0,0.3333,0.3333,0.6667
hypertension_04,e5-base,fixed_300,5,hypertension,urgent,0.8,0.4,0.2,0.4
hypertension_05,e5-base,fixed_300,1,hypertension,urgent,1.0,0.0,0.0,1.0
hypertension_05,e5-base,fixed_300,3,hypertension,urgent,1.0,0.3333,0.0,0.6667
hypertension_05,e5-base,fixed_300,5,hypertension,urgent,1.0,0.2,0.0,0.8
hypertension_06,e5-base,fixed_300,1,hypertension,urgent,1.0,1.0,0.0,0.0
hypertension_06,e5-base,fixed_300,3,hypertension,urgent,0.6667,0.6667,0.0,0.0
hypertension_06,e5-base,fixed_300,5,hypertension,urgent,0.4,0.4,0.0,0.0
hypertension_07,e5-base,fixed_300,1,hypertension,urgent,1.0,1.0,0.0,0.0
hypertension_07,e5-base,fixed_300,3,hypertension,urgent,0.3333,0.3333,0.0,0.0
hypertension_07,e5-base,fixed_300,5,hypertension,urgent,0.2,0.2,0.0,0.0
hypertension_08,e5-base,fixed_300,1,hypertension,urgent,0.0,0.0,0.0,0.0
hypertension_08,e5-base,fixed_300,3,hypertension,urgent,0.0,0.0,0.0,0.0
hypertension_08,e5-base,fixed_300,5,hypertension,urgent,0.4,0.0,0.0,0.4
hypertension_09,e5-base,fixed_300,1,hypertension,routine,1.0,1.0,0.0,0.0
hypertension_09,e5-base,fixed_300,3,hypertension,routine,1.0,0.3333,0.0,0.6667
hypertension_09,e5-base,fixed_300,5,hypertension,routine,1.0,0.2,0.0,0.8
hypertension_10,e5-base,fixed_300,1,hypertension,routine,1.0,0.0,0.0,1.0
hypertension_10,e5-base,fixed_300,3,hypertension,routine,1.0,0.3333,0.0,0.6667
hypertension_10,e5-base,fixed_300,5,hypertension,routine,0.6,0.2,0.0,0.4
labour_01,e5-base,fixed_300,1,labour,urgent,1.0,0.0,0.0,1.0
labour_01,e5-base,fixed_300,3,labour,urgent,1.0,0.0,0.0,1.0
labour_01,e5-base,fixed_300,5,labour,urgent,1.0,0.0,0.0,1.0
labour_02,e5-base,fixed_300,1,labour,urgent,1.0,0.0,0.0,1.0
labour_02,e5-base,fixed_300,3,labour,urgent,1.0,0.0,0.0,1.0
labour_02,e5-base,fixed_300,5,labour,urgent,1.0,0.0,0.0,1.0
labour_03,e5-base,fixed_300,1,labour,urgent,1.0,0.0,0.0,1.0
labour_03,e5-base,fixed_300,3,labour,urgent,1.0,0.0,0.0,1.0
labour_03,e5-base,fixed_300,5,labour,urgent,1.0,0.0,0.0,1.0
labour_04,e5-base,fixed_300,1,labour,urgent,1.0,0.0,0.0,1.0
labour_04,e5-base,fixed_300,3,labour,urgent,1.0,0.0,0.0,1.0
labour_04,e5-base,fixed_300,5,labour,urgent,1.0,0.0,0.0,1.0
labour_05,e5-base,fixed_300,1,labour,urgent,0.0,0.0,0.0,0.0
labour_05,e5-base,fixed_300,3,labour,urgent,0.6667,0.0,0.0,0.6667
labour_05,e5-base,fixed_300,5,labour,urgent,0.4,0.0,0.0,0.4
labour_06,e5-base,fixed_300,1,labour,urgent,0.0,0.0,0.0,0.0
labour_06,e5-base,fixed_300,3,labour,urgent,0.0,0.0,0.0,0.0
labour_06,e5-base,fixed_300,5,labour,urgent,0.0,0.0,0.0,0.0
labour_07,e5-base,fixed_300,1,labour,urgent,1.0,0.0,0.0,1.0
labour_07,e5-base,fixed_300,3,labour,urgent,0.3333,0.0,0.0,0.3333
labour_07,e5-base,fixed_300,5,labour,urgent,0.4,0.0,0.0,0.4
labour_08,e5-base,fixed_300,1,labour,urgent,1.0,0.0,0.0,1.0
labour_08,e5-base,fixed_300,3,labour,urgent,1.0,0.0,0.0,1.0
labour_08,e5-base,fixed_300,5,labour,urgent,0.8,0.0,0.0,0.8
labour_09,e5-base,fixed_300,1,labour,routine,1.0,1.0,0.0,0.0
labour_09,e5-base,fixed_300,3,labour,routine,0.3333,0.3333,0.0,0.0
labour_09,e5-base,fixed_300,5,labour,routine,0.2,0.2,0.0,0.0
labour_10,e5-base,fixed_300,1,labour,routine,0.0,0.0,0.0,0.0
labour_10,e5-base,fixed_300,3,labour,routine,0.3333,0.3333,0.0,0.0
labour_10,e5-base,fixed_300,5,labour,routine,0.2,0.2,0.0,0.0
postnatal_01,e5-base,fixed_300,1,postnatal,urgent,0.0,0.0,0.0,0.0
postnatal_01,e5-base,fixed_300,3,postnatal,urgent,0.3333,0.0,0.0,0.3333
postnatal_01,e5-base,fixed_300,5,postnatal,urgent,0.2,0.0,0.0,0.2
postnatal_02,e5-base,fixed_300,1,postnatal,urgent,1.0,0.0,0.0,1.0
postnatal_02,e5-base,fixed_300,3,postnatal,urgent,0.6667,0.0,0.0,0.6667
postnatal_02,e5-base,fixed_300,5,postnatal,urgent,0.4,0.0,0.0,0.4
postnatal_03,e5-base,fixed_300,1,postnatal,urgent,0.0,0.0,0.0,0.0
postnatal_03,e5-base,fixed_300,3,postnatal,urgent,0.0,0.0,0.0,0.0
postnatal_03,e5-base,fixed_300,5,postnatal,urgent,0.0,0.0,0.0,0.0
postnatal_04,e5-base,fixed_300,1,postnatal,urgent,0.0,0.0,0.0,0.0
postnatal_04,e5-base,fixed_300,3,postnatal,urgent,0.3333,0.0,0.0,0.3333
postnatal_04,e5-base,fixed_300,5,postnatal,urgent,0.6,0.0,0.0,0.6
postnatal_05,e5-base,fixed_300,1,postnatal,urgent,1.0,0.0,0.0,1.0
postnatal_05,e5-base,fixed_300,3,postnatal,urgent,0.3333,0.0,0.0,0.3333
postnatal_05,e5-base,fixed_300,5,postnatal,urgent,0.4,0.0,0.0,0.4
postnatal_06,e5-base,fixed_300,1,postnatal,urgent,1.0,0.0,0.0,1.0
postnatal_06,e5-base,fixed_300,3,postnatal,urgent,1.0,0.0,0.0,1.0
postnatal_06,e5-base,fixed_300,5,postnatal,urgent,0.8,0.0,0.0,0.8
postnatal_07,e5-base,fixed_300,1,postnatal,urgent,0.0,0.0,0.0,0.0
postnatal_07,e5-base,fixed_300,3,postnatal,urgent,0.6667,0.0,0.0,0.6667
postnatal_07,e5-base,fixed_300,5,postnatal,urgent,0.8,0.0,0.0,0.8
postnatal_08,e5-base,fixed_300,1,postnatal,urgent,0.0,0.0,0.0,0.0
postnatal_08,e5-base,fixed_300,3,postnatal,urgent,0.6667,0.0,0.0,0.6667
postnatal_08,e5-base,fixed_300,5,postnatal,urgent,0.6,0.0,0.0,0.6
postnatal_09,e5-base,fixed_300,1,postnatal,routine,0.0,0.0,0.0,0.0
postnatal_09,e5-base,fixed_300,3,postnatal,routine,0.6667,0.0,0.0,0.6667
postnatal_09,e5-base,fixed_300,5,postnatal,routine,0.6,0.0,0.0,0.6
postnatal_10,e5-base,fixed_300,1,postnatal,routine,1.0,0.0,0.0,1.0
postnatal_10,e5-base,fixed_300,3,postnatal,routine,1.0,0.0,0.0,1.0
postnatal_10,e5-base,fixed_300,5,postnatal,routine,1.0,0.0,0.0,1.0
pph_01,e5-base,fixed_500,1,pph,urgent,0.0,0.0,0.0,0.0
pph_01,e5-base,fixed_500,3,pph,urgent,0.0,0.0,0.0,0.0
pph_01,e5-base,fixed_500,5,pph,urgent,0.0,0.0,0.0,0.0
pph_02,e5-base,fixed_500,1,pph,urgent,0.0,0.0,0.0,0.0
pph_02,e5-base,fixed_500,3,pph,urgent,0.3333,0.0,0.0,0.3333
pph_02,e5-base,fixed_500,5,pph,urgent,0.2,0.0,0.0,0.2
pph_03,e5-base,fixed_500,1,pph,urgent,1.0,0.0,1.0,1.0
pph_03,e5-base,fixed_500,3,pph,urgent,0.6667,0.0,0.3333,0.6667
pph_03,e5-base,fixed_500,5,pph,urgent,0.6,0.0,0.2,0.6
pph_04,e5-base,fixed_500,1,pph,urgent,0.0,0.0,0.0,0.0
pph_04,e5-base,fixed_500,3,pph,urgent,0.3333,0.0,0.3333,0.3333
pph_04,e5-base,fixed_500,5,pph,urgent,0.4,0.0,0.2,0.4
pph_05,e5-base,fixed_500,1,pph,urgent,0.0,0.0,0.0,0.0
pph_05,e5-base,fixed_500,3,pph,urgent,0.0,0.0,0.0,0.0
pph_05,e5-base,fixed_500,5,pph,urgent,0.0,0.0,0.0,0.0
pph_06,e5-base,fixed_500,1,pph,urgent,0.0,0.0,0.0,0.0
pph_06,e5-base,fixed_500,3,pph,urgent,0.0,0.0,0.0,0.0
pph_06,e5-base,fixed_500,5,pph,urgent,0.0,0.0,0.0,0.0
pph_07,e5-base,fixed_500,1,pph,urgent,0.0,0.0,0.0,0.0
pph_07,e5-base,fixed_500,3,pph,urgent,0.3333,0.3333,0.0,0.0
pph_07,e5-base,fixed_500,5,pph,urgent,0.4,0.2,0.0,0.2
pph_08,e5-base,fixed_500,1,pph,urgent,0.0,0.0,0.0,0.0
pph_08,e5-base,fixed_500,3,pph,urgent,0.0,0.0,0.0,0.0
pph_08,e5-base,fixed_500,5,pph,urgent,0.0,0.0,0.0,0.0
pph_09,e5-base,fixed_500,1,pph,routine,1.0,1.0,0.0,0.0
pph_09,e5-base,fixed_500,3,pph,routine,0.3333,0.3333,0.0,0.0
pph_09,e5-base,fixed_500,5,pph,routine,0.4,0.2,0.0,0.2
pph_10,e5-base,fixed_500,1,pph,routine,1.0,1.0,0.0,0.0
pph_10,e5-base,fixed_500,3,pph,routine,0.6667,0.3333,0.0,0.3333
pph_10,e5-base,fixed_500,5,pph,routine,0.6,0.2,0.0,0.4
hypertension_01,e5-base,fixed_500,1,hypertension,urgent,1.0,1.0,0.0,0.0
hypertension_01,e5-base,fixed_500,3,hypertension,urgent,1.0,0.3333,0.0,0.6667
hypertension_01,e5-base,fixed_500,5,hypertension,urgent,1.0,0.2,0.0,0.8
hypertension_02,e5-base,fixed_500,1,hypertension,urgent,1.0,1.0,0.0,0.0
hypertension_02,e5-base,fixed_500,3,hypertension,urgent,1.0,0.3333,0.0,0.6667
hypertension_02,e5-base,fixed_500,5,hypertension,urgent,1.0,0.2,0.0,0.8
hypertension_03,e5-base,fixed_500,1,hypertension,urgent,1.0,1.0,0.0,0.0
hypertension_03,e5-base,fixed_500,3,hypertension,urgent,1.0,0.6667,0.0,0.3333
hypertension_03,e5-base,fixed_500,5,hypertension,urgent,0.8,0.4,0.0,0.4
hypertension_04,e5-base,fixed_500,1,hypertension,urgent,1.0,1.0,0.0,0.0
hypertension_04,e5-base,fixed_500,3,hypertension,urgent,0.6667,0.3333,0.0,0.3333
hypertension_04,e5-base,fixed_500,5,hypertension,urgent,0.8,0.4,0.0,0.4
hypertension_05,e5-base,fixed_500,1,hypertension,urgent,1.0,1.0,0.0,0.0
hypertension_05,e5-base,fixed_500,3,hypertension,urgent,1.0,0.3333,0.0,0.6667
hypertension_05,e5-base,fixed_500,5,hypertension,urgent,1.0,0.2,0.0,0.8
hypertension_06,e5-base,fixed_500,1,hypertension,urgent,1.0,1.0,0.0,0.0
hypertension_06,e5-base,fixed_500,3,hypertension,urgent,0.3333,0.3333,0.0,0.0
hypertension_06,e5-base,fixed_500,5,hypertension,urgent,0.6,0.2,0.0,0.4
hypertension_07,e5-base,fixed_500,1,hypertension,urgent,0.0,0.0,0.0,0.0
hypertension_07,e5-base,fixed_500,3,hypertension,urgent,0.3333,0.3333,0.0,0.0
hypertension_07,e5-base,fixed_500,5,hypertension,urgent,0.4,0.2,0.0,0.2
hypertension_08,e5-base,fixed_500,1,hypertension,urgent,0.0,0.0,0.0,0.0
hypertension_08,e5-base,fixed_500,3,hypertension,urgent,0.0,0.0,0.0,0.0
hypertension_08,e5-base,fixed_500,5,hypertension,urgent,0.0,0.0,0.0,0.0
hypertension_09,e5-base,fixed_500,1,hypertension,routine,1.0,0.0,0.0,1.0
hypertension_09,e5-base,fixed_500,3,hypertension,routine,1.0,0.0,0.0,1.0
hypertension_09,e5-base,fixed_500,5,hypertension,routine,1.0,0.0,0.0,1.0
hypertension_10,e5-base,fixed_500,1,hypertension,routine,1.0,0.0,0.0,1.0
hypertension_10,e5-base,fixed_500,3,hypertension,routine,1.0,0.0,0.0,1.0
hypertension_10,e5-base,fixed_500,5,hypertension,routine,1.0,0.0,0.0,1.0
labour_01,e5-base,fixed_500,1,labour,urgent,1.0,0.0,0.0,1.0
labour_01,e5-base,fixed_500,3,labour,urgent,1.0,0.0,0.3333,1.0
labour_01,e5-base,fixed_500,5,labour,urgent,1.0,0.0,0.4,1.0
labour_02,e5-base,fixed_500,1,labour,urgent,0.0,0.0,0.0,0.0
labour_02,e5-base,fixed_500,3,labour,urgent,0.6667,0.0,0.3333,0.6667
labour_02,e5-base,fixed_500,5,labour,urgent,0.8,0.0,0.2,0.8
labour_03,e5-base,fixed_500,1,labour,urgent,1.0,1.0,0.0,0.0
labour_03,e5-base,fixed_500,3,labour,urgent,1.0,0.3333,0.0,0.6667
labour_03,e5-base,fixed_500,5,labour,urgent,1.0,0.2,0.0,0.8
labour_04,e5-base,fixed_500,1,labour,urgent,1.0,0.0,1.0,1.0
labour_04,e5-base,fixed_500,3,labour,urgent,1.0,0.0,0.3333,1.0
labour_04,e5-base,fixed_500,5,labour,urgent,1.0,0.0,0.4,1.0
labour_05,e5-base,fixed_500,1,labour,urgent,0.0,0.0,0.0,0.0
labour_05,e5-base,fixed_500,3,labour,urgent,0.0,0.0,0.0,0.0
labour_05,e5-base,fixed_500,5,labour,urgent,0.2,0.0,0.0,0.2
labour_06,e5-base,fixed_500,1,labour,urgent,0.0,0.0,0.0,0.0
labour_06,e5-base,fixed_500,3,labour,urgent,0.0,0.0,0.0,0.0
labour_06,e5-base,fixed_500,5,labour,urgent,0.0,0.0,0.0,0.0
labour_07,e5-base,fixed_500,1,labour,urgent,0.0,0.0,0.0,0.0
labour_07,e5-base,fixed_500,3,labour,urgent,0.3333,0.0,0.0,0.3333
labour_07,e5-base,fixed_500,5,labour,urgent,0.4,0.0,0.0,0.4
labour_08,e5-base,fixed_500,1,labour,urgent,0.0,0.0,0.0,0.0
labour_08,e5-base,fixed_500,3,labour,urgent,0.0,0.0,0.0,0.0
labour_08,e5-base,fixed_500,5,labour,urgent,0.4,0.0,0.0,0.4
labour_09,e5-base,fixed_500,1,labour,routine,0.0,0.0,0.0,0.0
labour_09,e5-base,fixed_500,3,labour,routine,0.3333,0.3333,0.0,0.0
labour_09,e5-base,fixed_500,5,labour,routine,0.2,0.2,0.0,0.0
labour_10,e5-base,fixed_500,1,labour,routine,0.0,0.0,0.0,0.0
labour_10,e5-base,fixed_500,3,labour,routine,0.6667,0.3333,0.0,0.3333
labour_10,e5-base,fixed_500,5,labour,routine,0.4,0.2,0.0,0.2
postnatal_01,e5-base,fixed_500,1,postnatal,urgent,1.0,0.0,0.0,1.0
postnatal_01,e5-base,fixed_500,3,postnatal,urgent,0.6667,0.0,0.0,0.6667
postnatal_01,e5-base,fixed_500,5,postnatal,urgent,0.6,0.0,0.0,0.6
postnatal_02,e5-base,fixed_500,1,postnatal,urgent,0.0,0.0,0.0,0.0
postnatal_02,e5-base,fixed_500,3,postnatal,urgent,0.3333,0.0,0.0,0.3333
postnatal_02,e5-base,fixed_500,5,postnatal,urgent,0.4,0.0,0.0,0.4
postnatal_03,e5-base,fixed_500,1,postnatal,urgent,0.0,0.0,0.0,0.0
postnatal_03,e5-base,fixed_500,3,postnatal,urgent,0.0,0.0,0.0,0.0
postnatal_03,e5-base,fixed_500,5,postnatal,urgent,0.4,0.0,0.0,0.4
postnatal_04,e5-base,fixed_500,1,postnatal,urgent,1.0,0.0,0.0,1.0
postnatal_04,e5-base,fixed_500,3,postnatal,urgent,0.3333,0.0,0.0,0.3333
postnatal_04,e5-base,fixed_500,5,postnatal,urgent,0.4,0.0,0.0,0.4
postnatal_05,e5-base,fixed_500,1,postnatal,urgent,1.0,0.0,0.0,1.0
postnatal_05,e5-base,fixed_500,3,postnatal,urgent,0.6667,0.0,0.0,0.6667
postnatal_05,e5-base,fixed_500,5,postnatal,urgent,0.8,0.0,0.0,0.8
postnatal_06,e5-base,fixed_500,1,postnatal,urgent,1.0,0.0,0.0,1.0
postnatal_06,e5-base,fixed_500,3,postnatal,urgent,0.3333,0.0,0.0,0.3333
postnatal_06,e5-base,fixed_500,5,postnatal,urgent,0.6,0.0,0.0,0.6
postnatal_07,e5-base,fixed_500,1,postnatal,urgent,1.0,0.0,0.0,1.0
postnatal_07,e5-base,fixed_500,3,postnatal,urgent,1.0,0.0,0.0,1.0
postnatal_07,e5-base,fixed_500,5,postnatal,urgent,1.0,0.0,0.2,1.0
postnatal_08,e5-base,fixed_500,1,postnatal,urgent,1.0,0.0,0.0,1.0
postnatal_08,e5-base,fixed_500,3,postnatal,urgent,0.6667,0.0,0.0,0.6667
postnatal_08,e5-base,fixed_500,5,postnatal,urgent,0.4,0.0,0.0,0.4
postnatal_09,e5-base,fixed_500,1,postnatal,routine,0.0,0.0,0.0,0.0
postnatal_09,e5-base,fixed_500,3,postnatal,routine,0.6667,0.0,0.0,0.6667
postnatal_09,e5-base,fixed_500,5,postnatal,routine,0.6,0.0,0.0,0.6
postnatal_10,e5-base,fixed_500,1,postnatal,routine,1.0,0.0,0.0,1.0
postnatal_10,e5-base,fixed_500,3,postnatal,routine,1.0,0.0,0.0,1.0
postnatal_10,e5-base,fixed_500,5,postnatal,routine,1.0,0.0,0.0,1.0
pph_01,e5-base,fixed_800,1,pph,urgent,0.0,0.0,0.0,0.0
pph_01,e5-base,fixed_800,3,pph,urgent,0.0,0.0,0.0,0.0
pph_01,e5-base,fixed_800,5,pph,urgent,0.4,0.0,0.0,0.4
pph_02,e5-base,fixed_800,1,pph,urgent,1.0,0.0,0.0,1.0
pph_02,e5-base,fixed_800,3,pph,urgent,0.3333,0.0,0.0,0.3333
pph_02,e5-base,fixed_800,5,pph,urgent,0.2,0.0,0.0,0.2
pph_03,e5-base,fixed_800,1,pph,urgent,1.0,0.0,0.0,1.0
pph_03,e5-base,fixed_800,3,pph,urgent,0.6667,0.0,0.0,0.6667
pph_03,e5-base,fixed_800,5,pph,urgent,0.8,0.0,0.0,0.8
pph_04,e5-base,fixed_800,1,pph,urgent,0.0,0.0,0.0,0.0
pph_04,e5-base,fixed_800,3,pph,urgent,0.3333,0.0,0.0,0.3333
pph_04,e5-base,fixed_800,5,pph,urgent,0.4,0.0,0.0,0.4
pph_05,e5-base,fixed_800,1,pph,urgent,0.0,0.0,0.0,0.0
pph_05,e5-base,fixed_800,3,pph,urgent,0.0,0.0,0.0,0.0
pph_05,e5-base,fixed_800,5,pph,urgent,0.0,0.0,0.0,0.0
pph_06,e5-base,fixed_800,1,pph,urgent,0.0,0.0,0.0,0.0
pph_06,e5-base,fixed_800,3,pph,urgent,0.0,0.0,0.0,0.0
pph_06,e5-base,fixed_800,5,pph,urgent,0.2,0.0,0.0,0.2
pph_07,e5-base,fixed_800,1,pph,urgent,1.0,0.0,0.0,1.0
pph_07,e5-base,fixed_800,3,pph,urgent,0.3333,0.0,0.0,0.3333
pph_07,e5-base,fixed_800,5,pph,urgent,0.4,0.0,0.0,0.4
pph_08,e5-base,fixed_800,1,pph,urgent,0.0,0.0,0.0,0.0
pph_08,e5-base,fixed_800,3,pph,urgent,0.0,0.0,0.0,0.0
pph_08,e5-base,fixed_800,5,pph,urgent,0.0,0.0,0.0,0.0
pph_09,e5-base,fixed_800,1,pph,routine,1.0,0.0,0.0,1.0
pph_09,e5-base,fixed_800,3,pph,routine,0.6667,0.0,0.0,0.6667
pph_09,e5-base,fixed_800,5,pph,routine,0.6,0.0,0.0,0.6
pph_10,e5-base,fixed_800,1,pph,routine,1.0,0.0,0.0,1.0
pph_10,e5-base,fixed_800,3,pph,routine,0.6667,0.0,0.0,0.6667
pph_10,e5-base,fixed_800,5,pph,routine,0.8,0.0,0.0,0.8
hypertension_01,e5-base,fixed_800,1,hypertension,urgent,1.0,1.0,0.0,0.0
hypertension_01,e5-base,fixed_800,3,hypertension,urgent,1.0,0.3333,0.0,0.6667
hypertension_01,e5-base,fixed_800,5,hypertension,urgent,1.0,0.2,0.0,0.8
hypertension_02,e5-base,fixed_800,1,hypertension,urgent,1.0,1.0,0.0,0.0
hypertension_02,e5-base,fixed_800,3,hypertension,urgent,1.0,0.3333,0.0,0.6667
hypertension_02,e5-base,fixed_800,5,hypertension,urgent,1.0,0.4,0.0,0.6
hypertension_03,e5-base,fixed_800,1,hypertension,urgent,1.0,1.0,0.0,0.0
hypertension_03,e5-base,fixed_800,3,hypertension,urgent,1.0,0.6667,0.0,0.3333
hypertension_03,e5-base,fixed_800,5,hypertension,urgent,1.0,0.6,0.0,0.4
hypertension_04,e5-base,fixed_800,1,hypertension,urgent,1.0,1.0,0.0,0.0
hypertension_04,e5-base,fixed_800,3,hypertension,urgent,1.0,0.6667,0.0,0.3333
hypertension_04,e5-base,fixed_800,5,hypertension,urgent,1.0,0.6,0.0,0.4
hypertension_05,e5-base,fixed_800,1,hypertension,urgent,1.0,1.0,0.0,0.0
hypertension_05,e5-base,fixed_800,3,hypertension,urgent,1.0,0.3333,0.0,0.6667
hypertension_05,e5-base,fixed_800,5,hypertension,urgent,1.0,0.2,0.0,0.8
hypertension_06,e5-base,fixed_800,1,hypertension,urgent,1.0,1.0,0.0,0.0
hypertension_06,e5-base,fixed_800,3,hypertension,urgent,0.6667,0.3333,0.0,0.3333
hypertension_06,e5-base,fixed_800,5,hypertension,urgent,0.4,0.2,0.0,0.2
hypertension_07,e5-base,fixed_800,1,hypertension,urgent,0.0,0.0,0.0,0.0
hypertension_07,e5-base,fixed_800,3,hypertension,urgent,0.3333,0.0,0.0,0.3333
hypertension_07,e5-base,fixed_800,5,hypertension,urgent,0.2,0.0,0.0,0.2
hypertension_08,e5-base,fixed_800,1,hypertension,urgent,0.0,0.0,0.0,0.0
hypertension_08,e5-base,fixed_800,3,hypertension,urgent,0.0,0.0,0.0,0.0
hypertension_08,e5-base,fixed_800,5,hypertension,urgent,0.0,0.0,0.0,0.0
hypertension_09,e5-base,fixed_800,1,hypertension,routine,1.0,0.0,0.0,1.0
hypertension_09,e5-base,fixed_800,3,hypertension,routine,1.0,0.0,0.0,1.0
hypertension_09,e5-base,fixed_800,5,hypertension,routine,0.8,0.0,0.0,0.8
hypertension_10,e5-base,fixed_800,1,hypertension,routine,1.0,0.0,0.0,1.0
hypertension_10,e5-base,fixed_800,3,hypertension,routine,1.0,0.0,0.0,1.0
hypertension_10,e5-base,fixed_800,5,hypertension,routine,1.0,0.0,0.0,1.0
labour_01,e5-base,fixed_800,1,labour,urgent,1.0,0.0,0.0,1.0
labour_01,e5-base,fixed_800,3,labour,urgent,1.0,0.3333,0.0,0.6667
labour_01,e5-base,fixed_800,5,labour,urgent,1.0,0.2,0.0,0.8
labour_02,e5-base,fixed_800,1,labour,urgent,1.0,0.0,0.0,1.0
labour_02,e5-base,fixed_800,3,labour,urgent,0.6667,0.0,0.0,0.6667
labour_02,e5-base,fixed_800,5,labour,urgent,0.6,0.2,0.0,0.4
labour_03,e5-base,fixed_800,1,labour,urgent,1.0,0.0,0.0,1.0
labour_03,e5-base,fixed_800,3,labour,urgent,0.6667,0.3333,0.0,0.3333
labour_03,e5-base,fixed_800,5,labour,urgent,0.8,0.2,0.0,0.6
labour_04,e5-base,fixed_800,1,labour,urgent,1.0,0.0,0.0,1.0
labour_04,e5-base,fixed_800,3,labour,urgent,1.0,0.3333,0.0,0.6667
labour_04,e5-base,fixed_800,5,labour,urgent,1.0,0.2,0.0,0.8
labour_05,e5-base,fixed_800,1,labour,urgent,1.0,0.0,0.0,1.0
labour_05,e5-base,fixed_800,3,labour,urgent,0.6667,0.0,0.0,0.6667
labour_05,e5-base,fixed_800,5,labour,urgent,0.4,0.0,0.0,0.4
labour_06,e5-base,fixed_800,1,labour,urgent,0.0,0.0,0.0,0.0
labour_06,e5-base,fixed_800,3,labour,urgent,0.0,0.0,0.0,0.0
labour_06,e5-base,fixed_800,5,labour,urgent,0.2,0.0,0.0,0.2
labour_07,e5-base,fixed_800,1,labour,urgent,0.0,0.0,0.0,0.0
labour_07,e5-base,fixed_800,3,labour,urgent,0.3333,0.0,0.0,0.3333
labour_07,e5-base,fixed_800,5,labour,urgent,0.2,0.0,0.0,0.2
labour_08,e5-base,fixed_800,1,labour,urgent,1.0,0.0,0.0,1.0
labour_08,e5-base,fixed_800,3,labour,urgent,1.0,0.0,0.0,1.0
labour_08,e5-base,fixed_800,5,labour,urgent,0.8,0.0,0.0,0.8
labour_09,e5-base,fixed_800,1,labour,routine,0.0,0.0,0.0,0.0
labour_09,e5-base,fixed_800,3,labour,routine,0.6667,0.0,0.0,0.6667
labour_09,e5-base,fixed_800,5,labour,routine,0.4,0.0,0.0,0.4
labour_10,e5-base,fixed_800,1,labour,routine,1.0,0.0,0.0,1.0
labour_10,e5-base,fixed_800,3,labour,routine,0.3333,0.0,0.0,0.3333
labour_10,e5-base,fixed_800,5,labour,routine,0.2,0.0,0.0,0.2
postnatal_01,e5-base,fixed_800,1,postnatal,urgent,1.0,1.0,0.0,0.0
postnatal_01,e5-base,fixed_800,3,postnatal,urgent,1.0,0.3333,0.0,0.6667
postnatal_01,e5-base,fixed_800,5,postnatal,urgent,0.8,0.2,0.0,0.6
postnatal_02,e5-base,fixed_800,1,postnatal,urgent,1.0,0.0,0.0,1.0
postnatal_02,e5-base,fixed_800,3,postnatal,urgent,0.6667,0.3333,0.0,0.3333
postnatal_02,e5-base,fixed_800,5,postnatal,urgent,0.4,0.2,0.0,0.2
postnatal_03,e5-base,fixed_800,1,postnatal,urgent,0.0,0.0,0.0,0.0
postnatal_03,e5-base,fixed_800,3,postnatal,urgent,0.0,0.0,0.0,0.0
postnatal_03,e5-base,fixed_800,5,postnatal,urgent,0.0,0.0,0.0,0.0
postnatal_04,e5-base,fixed_800,1,postnatal,urgent,0.0,0.0,0.0,0.0
postnatal_04,e5-base,fixed_800,3,postnatal,urgent,0.3333,0.3333,0.0,0.0
postnatal_04,e5-base,fixed_800,5,postnatal,urgent,0.6,0.2,0.0,0.4
postnatal_05,e5-base,fixed_800,1,postnatal,urgent,1.0,0.0,0.0,1.0
postnatal_05,e5-base,fixed_800,3,postnatal,urgent,1.0,0.3333,0.0,0.6667
postnatal_05,e5-base,fixed_800,5,postnatal,urgent,0.6,0.2,0.0,0.4
postnatal_06,e5-base,fixed_800,1,postnatal,urgent,0.0,0.0,0.0,0.0
postnatal_06,e5-base,fixed_800,3,postnatal,urgent,0.3333,0.0,0.0,0.3333
postnatal_06,e5-base,fixed_800,5,postnatal,urgent,0.4,0.0,0.0,0.4
postnatal_07,e5-base,fixed_800,1,postnatal,urgent,1.0,0.0,0.0,1.0
postnatal_07,e5-base,fixed_800,3,postnatal,urgent,1.0,0.3333,0.0,0.6667
postnatal_07,e5-base,fixed_800,5,postnatal,urgent,1.0,0.2,0.0,0.8
postnatal_08,e5-base,fixed_800,1,postnatal,urgent,0.0,0.0,0.0,0.0
postnatal_08,e5-base,fixed_800,3,postnatal,urgent,0.3333,0.0,0.0,0.3333
postnatal_08,e5-base,fixed_800,5,postnatal,urgent,0.2,0.0,0.0,0.2
postnatal_09,e5-base,fixed_800,1,postnatal,routine,0.0,0.0,0.0,0.0
postnatal_09,e5-base,fixed_800,3,postnatal,routine,0.6667,0.0,0.0,0.6667
postnatal_09,e5-base,fixed_800,5,postnatal,routine,0.8,0.0,0.0,0.8
postnatal_10,e5-base,fixed_800,1,postnatal,routine,1.0,0.0,0.0,1.0
postnatal_10,e5-base,fixed_800,3,postnatal,routine,1.0,0.0,0.0,1.0
postnatal_10,e5-base,fixed_800,5,postnatal,routine,0.8,0.0,0.0,0.8
pph_01,e5-base,para_300,1,pph,urgent,0.0,0.0,0.0,0.0
pph_01,e5-base,para_300,3,pph,urgent,0.6667,0.0,0.0,0.6667
pph_01,e5-base,para_300,5,pph,urgent,0.4,0.0,0.0,0.4
pph_02,e5-base,para_300,1,pph,urgent,0.0,0.0,0.0,0.0
pph_02,e5-base,para_300,3,pph,urgent,0.3333,0.0,0.0,0.3333
pph_02,e5-base,para_300,5,pph,urgent,0.2,0.0,0.0,0.2
pph_03,e5-base,para_300,1,pph,urgent,1.0,0.0,0.0,1.0
pph_03,e5-base,para_300,3,pph,urgent,0.6667,0.3333,0.0,0.3333
pph_03,e5-base,para_300,5,pph,urgent,0.6,0.2,0.0,0.4
pph_04,e5-base,para_300,1,pph,urgent,0.0,0.0,0.0,0.0
pph_04,e5-base,para_300,3,pph,urgent,0.3333,0.0,0.0,0.3333
pph_04,e5-base,para_300,5,pph,urgent,0.4,0.2,0.0,0.2
pph_05,e5-base,para_300,1,pph,urgent,0.0,0.0,0.0,0.0
pph_05,e5-base,para_300,3,pph,urgent,0.6667,0.3333,0.0,0.3333
pph_05,e5-base,para_300,5,pph,urgent,0.4,0.2,0.0,0.2
pph_06,e5-base,para_300,1,pph,urgent,1.0,0.0,0.0,1.0
pph_06,e5-base,para_300,3,pph,urgent,0.6667,0.0,0.0,0.6667
pph_06,e5-base,para_300,5,pph,urgent,0.4,0.0,0.0,0.4
pph_07,e5-base,para_300,1,pph,urgent,0.0,0.0,0.0,0.0
pph_07,e5-base,para_300,3,pph,urgent,0.3333,0.3333,0.0,0.0
pph_07,e5-base,para_300,5,pph,urgent,0.6,0.2,0.0,0.4
pph_08,e5-base,para_300,1,pph,urgent,0.0,0.0,0.0,0.0
pph_08,e5-base,para_300,3,pph,urgent,0.0,0.0,0.0,0.0
pph_08,e5-base,para_300,5,pph,urgent,0.0,0.0,0.0,0.0
pph_09,e5-base,para_300,1,pph,routine,0.0,0.0,0.0,0.0
pph_09,e5-base,para_300,3,pph,routine,0.6667,0.0,0.0,0.6667
pph_09,e5-base,para_300,5,pph,routine,0.8,0.0,0.0,0.8
pph_10,e5-base,para_300,1,pph,routine,0.0,0.0,0.0,0.0
pph_10,e5-base,para_300,3,pph,routine,0.6667,0.0,0.0,0.6667
pph_10,e5-base,para_300,5,pph,routine,0.6,0.0,0.0,0.6
hypertension_01,e5-base,para_300,1,hypertension,urgent,1.0,0.0,0.0,1.0
hypertension_01,e5-base,para_300,3,hypertension,urgent,1.0,0.0,0.0,1.0
hypertension_01,e5-base,para_300,5,hypertension,urgent,1.0,0.2,0.2,0.8
hypertension_02,e5-base,para_300,1,hypertension,urgent,1.0,0.0,0.0,1.0
hypertension_02,e5-base,para_300,3,hypertension,urgent,1.0,0.0,0.0,1.0
hypertension_02,e5-base,para_300,5,hypertension,urgent,1.0,0.2,0.0,0.8
hypertension_03,e5-base,para_300,1,hypertension,urgent,1.0,1.0,0.0,0.0
hypertension_03,e5-base,para_300,3,hypertension,urgent,1.0,0.6667,0.0,0.3333
hypertension_03,e5-base,para_300,5,hypertension,urgent,1.0,0.6,0.0,0.4
hypertension_04,e5-base,para_300,1,hypertension,urgent,1.0,1.0,0.0,0.0
hypertension_04,e5-base,para_300,3,hypertension,urgent,1.0,0.6667,0.0,0.3333
hypertension_04,e5-base,para_300,5,hypertension,urgent,1.0,0.4,0.2,0.6
hypertension_05,e5-base,para_300,1,hypertension,urgent,1.0,0.0,0.0,1.0
hypertension_05,e5-base,para_300,3,hypertension,urgent,0.6667,0.0,0.0,0.6667
hypertension_05,e5-base,para_300,5,hypertension,urgent,0.8,0.0,0.0,0.8
hypertension_06,e5-base,para_300,1,hypertension,urgent,1.0,1.0,0.0,0.0
hypertension_06,e5-base,para_300,3,hypertension,urgent,0.3333,0.3333,0.0,0.0
hypertension_06,e5-base,para_300,5,hypertension,urgent,0.6,0.2,0.0,0.4
hypertension_07,e5-base,para_300,1,hypertension,urgent,1.0,1.0,0.0,0.0
hypertension_07,e5-base,para_300,3,hypertension,urgent,0.3333,0.3333,0.0,0.0
hypertension_07,e5-base,para_300,5,hypertension,urgent,0.2,0.2,0.0,0.0
hypertension_08,e5-base,para_300,1,hypertension,urgent,0.0,0.0,0.0,0.0
hypertension_08,e5-base,para_300,3,hypertension,urgent,0.3333,0.3333,0.0,0.0
hypertension_08,e5-base,para_300,5,hypertension,urgent,0.2,0.2,0.0,0.0
hypertension_09,e5-base,para_300,1,hypertension,routine,1.0,1.0,0.0,0.0
hypertension_09,e5-base,para_300,3,hypertension,routine,1.0,0.3333,0.0,0.6667
hypertension_09,e5-base,para_300,5,hypertension,routine,1.0,0.2,0.0,0.8
hypertension_10,e5-base,para_300,1,hypertension,routine,1.0,0.0,0.0,1.0
hypertension_10,e5-base,para_300,3,hypertension,routine,1.0,0.3333,0.0,0.6667
hypertension_10,e5-base,para_300,5,hypertension,routine,0.6,0.2,0.0,0.4
labour_01,e5-base,para_300,1,labour,urgent,1.0,0.0,0.0,1.0
labour_01,e5-base,para_300,3,labour,urgent,1.0,0.0,0.0,1.0
labour_01,e5-base,para_300,5,labour,urgent,1.0,0.0,0.0,1.0
labour_02,e5-base,para_300,1,labour,urgent,1.0,0.0,0.0,1.0
labour_02,e5-base,para_300,3,labour,urgent,1.0,0.0,0.0,1.0
labour_02,e5-base,para_300,5,labour,urgent,1.0,0.0,0.0,1.0
labour_03,e5-base,para_300,1,labour,urgent,1.0,0.0,0.0,1.0
labour_03,e5-base,para_300,3,labour,urgent,1.0,0.0,0.0,1.0
labour_03,e5-base,para_300,5,labour,urgent,1.0,0.0,0.0,1.0
labour_04,e5-base,para_300,1,labour,urgent,1.0,0.0,0.0,1.0
labour_04,e5-base,para_300,3,labour,urgent,1.0,0.0,0.0,1.0
labour_04,e5-base,para_300,5,labour,urgent,1.0,0.0,0.0,1.0
labour_05,e5-base,para_300,1,labour,urgent,1.0,0.0,0.0,1.0
labour_05,e5-base,para_300,3,labour,urgent,1.0,0.0,0.0,1.0
labour_05,e5-base,para_300,5,labour,urgent,1.0,0.0,0.2,1.0
labour_06,e5-base,para_300,1,labour,urgent,0.0,0.0,0.0,0.0
labour_06,e5-base,para_300,3,labour,urgent,0.0,0.0,0.0,0.0
labour_06,e5-base,para_300,5,labour,urgent,0.0,0.0,0.0,0.0
labour_07,e5-base,para_300,1,labour,urgent,0.0,0.0,0.0,0.0
labour_07,e5-base,para_300,3,labour,urgent,0.6667,0.0,0.0,0.6667
labour_07,e5-base,para_300,5,labour,urgent,0.8,0.0,0.0,0.8
labour_08,e5-base,para_300,1,labour,urgent,0.0,0.0,0.0,0.0
labour_08,e5-base,para_300,3,labour,urgent,0.6667,0.0,0.3333,0.6667
labour_08,e5-base,para_300,5,labour,urgent,0.6,0.0,0.2,0.6
labour_09,e5-base,para_300,1,labour,routine,1.0,1.0,0.0,0.0
labour_09,e5-base,para_300,3,labour,routine,0.6667,0.3333,0.0,0.3333
labour_09,e5-base,para_300,5,labour,routine,0.4,0.2,0.0,0.2
labour_10,e5-base,para_300,1,labour,routine,1.0,0.0,0.0,1.0
labour_10,e5-base,para_300,3,labour,routine,1.0,0.3333,0.0,0.6667
labour_10,e5-base,para_300,5,labour,routine,0.6,0.2,0.0,0.4
postnatal_01,e5-base,para_300,1,postnatal,urgent,1.0,0.0,0.0,1.0
postnatal_01,e5-base,para_300,3,postnatal,urgent,1.0,0.0,0.0,1.0
postnatal_01,e5-base,para_300,5,postnatal,urgent,0.8,0.0,0.0,0.8
postnatal_02,e5-base,para_300,1,postnatal,urgent,0.0,0.0,0.0,0.0
postnatal_02,e5-base,para_300,3,postnatal,urgent,0.3333,0.0,0.0,0.3333
postnatal_02,e5-base,para_300,5,postnatal,urgent,0.6,0.0,0.0,0.6
postnatal_03,e5-base,para_300,1,postnatal,urgent,1.0,0.0,0.0,1.0
postnatal_03,e5-base,para_300,3,postnatal,urgent,0.3333,0.0,0.0,0.3333
postnatal_03,e5-base,para_300,5,postnatal,urgent,0.4,0.0,0.0,0.4
postnatal_04,e5-base,para_300,1,postnatal,urgent,0.0,0.0,0.0,0.0
postnatal_04,e5-base,para_300,3,postnatal,urgent,0.3333,0.0,0.0,0.3333
postnatal_04,e5-base,para_300,5,postnatal,urgent,0.4,0.0,0.0,0.4
postnatal_05,e5-base,para_300,1,postnatal,urgent,0.0,0.0,0.0,0.0
postnatal_05,e5-base,para_300,3,postnatal,urgent,0.3333,0.0,0.0,0.3333
postnatal_05,e5-base,para_300,5,postnatal,urgent,0.2,0.0,0.0,0.2
postnatal_06,e5-base,para_300,1,postnatal,urgent,0.0,0.0,0.0,0.0
postnatal_06,e5-base,para_300,3,postnatal,urgent,0.3333,0.0,0.0,0.3333
postnatal_06,e5-base,para_300,5,postnatal,urgent,0.4,0.0,0.0,0.4
postnatal_07,e5-base,para_300,1,postnatal,urgent,1.0,0.0,0.0,1.0
postnatal_07,e5-base,para_300,3,postnatal,urgent,1.0,0.0,0.0,1.0
postnatal_07,e5-base,para_300,5,postnatal,urgent,0.6,0.0,0.0,0.6
postnatal_08,e5-base,para_300,1,postnatal,urgent,0.0,0.0,0.0,0.0
postnatal_08,e5-base,para_300,3,postnatal,urgent,0.6667,0.0,0.0,0.6667
postnatal_08,e5-base,para_300,5,postnatal,urgent,0.4,0.0,0.0,0.4
postnatal_09,e5-base,para_300,1,postnatal,routine,1.0,0.0,0.0,1.0
postnatal_09,e5-base,para_300,3,postnatal,routine,0.3333,0.0,0.0,0.3333
postnatal_09,e5-base,para_300,5,postnatal,routine,0.6,0.0,0.0,0.6
postnatal_10,e5-base,para_300,1,postnatal,routine,1.0,0.0,0.0,1.0
postnatal_10,e5-base,para_300,3,postnatal,routine,0.3333,0.0,0.0,0.3333
postnatal_10,e5-base,para_300,5,postnatal,routine,0.6,0.0,0.0,0.6
pph_01,e5-base,para_500,1,pph,urgent,0.0,0.0,0.0,0.0
pph_01,e5-base,para_500,3,pph,urgent,0.3333,0.0,0.0,0.3333
pph_01,e5-base,para_500,5,pph,urgent,0.2,0.0,0.0,0.2
pph_02,e5-base,para_500,1,pph,urgent,0.0,0.0,0.0,0.0
pph_02,e5-base,para_500,3,pph,urgent,0.0,0.0,0.0,0.0
pph_02,e5-base,para_500,5,pph,urgent,0.2,0.0,0.0,0.2
pph_03,e5-base,para_500,1,pph,urgent,1.0,1.0,0.0,0.0
pph_03,e5-base,para_500,3,pph,urgent,1.0,0.3333,0.0,0.6667
pph_03,e5-base,para_500,5,pph,urgent,0.8,0.2,0.0,0.6
pph_04,e5-base,para_500,1,pph,urgent,0.0,0.0,0.0,0.0
pph_04,e5-base,para_500,3,pph,urgent,0.3333,0.3333,0.0,0.0
pph_04,e5-base,para_500,5,pph,urgent,0.4,0.2,0.0,0.2
pph_05,e5-base,para_500,1,pph,urgent,1.0,1.0,0.0,0.0
pph_05,e5-base,para_500,3,pph,urgent,0.3333,0.3333,0.0,0.0
pph_05,e5-base,para_500,5,pph,urgent,0.2,0.2,0.0,0.0
pph_06,e5-base,para_500,1,pph,urgent,0.0,0.0,0.0,0.0
pph_06,e5-base,para_500,3,pph,urgent,0.0,0.0,0.0,0.0
pph_06,e5-base,para_500,5,pph,urgent,0.0,0.0,0.0,0.0
pph_07,e5-base,para_500,1,pph,urgent,1.0,1.0,0.0,0.0
pph_07,e5-base,para_500,3,pph,urgent,1.0,0.6667,0.0,0.3333
pph_07,e5-base,para_500,5,pph,urgent,0.6,0.4,0.0,0.2
pph_08,e5-base,para_500,1,pph,urgent,0.0,0.0,0.0,0.0
pph_08,e5-base,para_500,3,pph,urgent,0.0,0.0,0.0,0.0
pph_08,e5-base,para_500,5,pph,urgent,0.0,0.0,0.0,0.0
pph_09,e5-base,para_500,1,pph,routine,0.0,0.0,0.0,0.0
pph_09,e5-base,para_500,3,pph,routine,0.6667,0.0,0.0,0.6667
pph_09,e5-base,para_500,5,pph,routine,0.6,0.0,0.0,0.6
pph_10,e5-base,para_500,1,pph,routine,1.0,0.0,0.0,1.0
pph_10,e5-base,para_500,3,pph,routine,0.6667,0.0,0.0,0.6667
pph_10,e5-base,para_500,5,pph,routine,0.6,0.0,0.0,0.6
hypertension_01,e5-base,para_500,1,hypertension,urgent,1.0,0.0,0.0,1.0
hypertension_01,e5-base,para_500,3,hypertension,urgent,1.0,0.3333,0.0,0.6667
hypertension_01,e5-base,para_500,5,hypertension,urgent,1.0,0.4,0.0,0.6
hypertension_02,e5-base,para_500,1,hypertension,urgent,1.0,0.0,0.0,1.0
hypertension_02,e5-base,para_500,3,hypertension,urgent,1.0,0.0,0.0,1.0
hypertension_02,e5-base,para_500,5,hypertension,urgent,0.8,0.0,0.0,0.8
hypertension_03,e5-base,para_500,1,hypertension,urgent,1.0,1.0,0.0,0.0
hypertension_03,e5-base,para_500,3,hypertension,urgent,1.0,0.3333,0.0,0.6667
hypertension_03,e5-base,para_500,5,hypertension,urgent,1.0,0.4,0.0,0.6
hypertension_04,e5-base,para_500,1,hypertension,urgent,1.0,1.0,0.0,0.0
hypertension_04,e5-base,para_500,3,hypertension,urgent,0.6667,0.6667,0.0,0.0
hypertension_04,e5-base,para_500,5,hypertension,urgent,0.6,0.4,0.0,0.2
hypertension_05,e5-base,para_500,1,hypertension,urgent,1.0,0.0,0.0,1.0
hypertension_05,e5-base,para_500,3,hypertension,urgent,0.6667,0.0,0.0,0.6667
hypertension_05,e5-base,para_500,5,hypertension,urgent,0.8,0.2,0.0,0.6
hypertension_06,e5-base,para_500,1,hypertension,urgent,1.0,1.0,0.0,0.0
hypertension_06,e5-base,para_500,3,hypertension,urgent,0.6667,0.3333,0.0,0.3333
hypertension_06,e5-base,para_500,5,hypertension,urgent,0.8,0.2,0.0,0.6
hypertension_07,e5-base,para_500,1,hypertension,urgent,1.0,1.0,0.0,0.0
hypertension_07,e5-base,para_500,3,hypertension,urgent,0.3333,0.3333,0.0,0.0
hypertension_07,e5-base,para_500,5,hypertension,urgent,0.2,0.2,0.0,0.0
hypertension_08,e5-base,para_500,1,hypertension,urgent,0.0,0.0,0.0,0.0
hypertension_08,e5-base,para_500,3,hypertension,urgent,0.3333,0.3333,0.0,0.0
hypertension_08,e5-base,para_500,5,hypertension,urgent,0.4,0.4,0.0,0.0
hypertension_09,e5-base,para_500,1,hypertension,routine,1.0,0.0,0.0,1.0
hypertension_09,e5-base,para_500,3,hypertension,routine,1.0,0.0,0.0,1.0
hypertension_09,e5-base,para_500,5,hypertension,routine,1.0,0.0,0.0,1.0
hypertension_10,e5-base,para_500,1,hypertension,routine,1.0,0.0,0.0,1.0
hypertension_10,e5-base,para_500,3,hypertension,routine,0.6667,0.0,0.0,0.6667
hypertension_10,e5-base,para_500,5,hypertension,routine,0.6,0.0,0.0,0.6
labour_01,e5-base,para_500,1,labour,urgent,1.0,1.0,0.0,0.0
labour_01,e5-base,para_500,3,labour,urgent,1.0,0.3333,0.3333,0.6667
labour_01,e5-base,para_500,5,labour,urgent,1.0,0.2,0.2,0.8
labour_02,e5-base,para_500,1,labour,urgent,1.0,0.0,0.0,1.0
labour_02,e5-base,para_500,3,labour,urgent,1.0,0.0,0.0,1.0
labour_02,e5-base,para_500,5,labour,urgent,0.8,0.0,0.2,0.8
labour_03,e5-base,para_500,1,labour,urgent,1.0,1.0,0.0,0.0
labour_03,e5-base,para_500,3,labour,urgent,1.0,0.3333,0.0,0.6667
labour_03,e5-base,para_500,5,labour,urgent,1.0,0.2,0.0,0.8
labour_04,e5-base,para_500,1,labour,urgent,1.0,0.0,0.0,1.0
labour_04,e5-base,para_500,3,labour,urgent,1.0,0.3333,0.3333,0.6667
labour_04,e5-base,para_500,5,labour,urgent,1.0,0.2,0.2,0.8
labour_05,e5-base,para_500,1,labour,urgent,1.0,0.0,0.0,1.0
labour_05,e5-base,para_500,3,labour,urgent,0.6667,0.0,0.3333,0.6667
labour_05,e5-base,para_500,5,labour,urgent,0.6,0.0,0.2,0.6
labour_06,e5-base,para_500,1,labour,urgent,0.0,0.0,0.0,0.0
labour_06,e5-base,para_500,3,labour,urgent,0.0,0.0,0.0,0.0
labour_06,e5-base,para_500,5,labour,urgent,0.0,0.0,0.0,0.0
labour_07,e5-base,para_500,1,labour,urgent,1.0,0.0,0.0,1.0
labour_07,e5-base,para_500,3,labour,urgent,0.6667,0.0,0.0,0.6667
labour_07,e5-base,para_500,5,labour,urgent,0.8,0.0,0.0,0.8
labour_08,e5-base,para_500,1,labour,urgent,0.0,0.0,0.0,0.0
labour_08,e5-base,para_500,3,labour,urgent,0.6667,0.0,0.3333,0.6667
labour_08,e5-base,para_500,5,labour,urgent,0.8,0.0,0.2,0.8
labour_09,e5-base,para_500,1,labour,routine,1.0,1.0,0.0,0.0
labour_09,e5-base,para_500,3,labour,routine,0.3333,0.3333,0.0,0.0
labour_09,e5-base,para_500,5,labour,routine,0.2,0.2,0.0,0.0
labour_10,e5-base,para_500,1,labour,routine,1.0,0.0,0.0,1.0
labour_10,e5-base,para_500,3,labour,routine,0.6667,0.3333,0.0,0.3333
labour_10,e5-base,para_500,5,labour,routine,0.4,0.2,0.0,0.2
postnatal_01,e5-base,para_500,1,postnatal,urgent,1.0,0.0,0.0,1.0
postnatal_01,e5-base,para_500,3,postnatal,urgent,0.6667,0.0,0.0,0.6667
postnatal_01,e5-base,para_500,5,postnatal,urgent,0.8,0.0,0.2,0.8
postnatal_02,e5-base,para_500,1,postnatal,urgent,1.0,0.0,1.0,1.0
postnatal_02,e5-base,para_500,3,postnatal,urgent,0.6667,0.0,0.3333,0.6667
postnatal_02,e5-base,para_500,5,postnatal,urgent,0.6,0.0,0.2,0.6
postnatal_03,e5-base,para_500,1,postnatal,urgent,0.0,0.0,0.0,0.0
postnatal_03,e5-base,para_500,3,postnatal,urgent,0.0,0.0,0.0,0.0
postnatal_03,e5-base,para_500,5,postnatal,urgent,0.2,0.0,0.0,0.2
postnatal_04,e5-base,para_500,1,postnatal,urgent,1.0,0.0,1.0,1.0
postnatal_04,e5-base,para_500,3,postnatal,urgent,1.0,0.0,0.3333,1.0
postnatal_04,e5-base,para_500,5,postnatal,urgent,0.8,0.0,0.2,0.8
postnatal_05,e5-base,para_500,1,postnatal,urgent,1.0,0.0,0.0,1.0
postnatal_05,e5-base,para_500,3,postnatal,urgent,0.3333,0.0,0.0,0.3333
postnatal_05,e5-base,para_500,5,postnatal,urgent,0.6,0.0,0.0,0.6
postnatal_06,e5-base,para_500,1,postnatal,urgent,1.0,0.0,0.0,1.0
postnatal_06,e5-base,para_500,3,postnatal,urgent,1.0,0.0,0.0,1.0
postnatal_06,e5-base,para_500,5,postnatal,urgent,1.0,0.0,0.0,1.0
postnatal_07,e5-base,para_500,1,postnatal,urgent,1.0,0.0,0.0,1.0
postnatal_07,e5-base,para_500,3,postnatal,urgent,1.0,0.0,0.0,1.0
postnatal_07,e5-base,para_500,5,postnatal,urgent,1.0,0.0,0.0,1.0
postnatal_08,e5-base,para_500,1,postnatal,urgent,1.0,0.0,0.0,1.0
postnatal_08,e5-base,para_500,3,postnatal,urgent,0.3333,0.0,0.0,0.3333
postnatal_08,e5-base,para_500,5,postnatal,urgent,0.4,0.0,0.0,0.4
postnatal_09,e5-base,para_500,1,postnatal,routine,1.0,1.0,0.0,0.0
postnatal_09,e5-base,para_500,3,postnatal,routine,0.6667,0.3333,0.0,0.3333
postnatal_09,e5-base,para_500,5,postnatal,routine,0.8,0.2,0.0,0.6
postnatal_10,e5-base,para_500,1,postnatal,routine,1.0,1.0,0.0,0.0
postnatal_10,e5-base,para_500,3,postnatal,routine,1.0,0.3333,0.0,0.6667
postnatal_10,e5-base,para_500,5,postnatal,routine,1.0,0.2,0.0,0.8
pph_01,e5-base,para_800,1,pph,urgent,0.0,0.0,0.0,0.0
pph_01,e5-base,para_800,3,pph,urgent,0.3333,0.0,0.0,0.3333
pph_01,e5-base,para_800,5,pph,urgent,0.4,0.0,0.0,0.4
pph_02,e5-base,para_800,1,pph,urgent,0.0,0.0,0.0,0.0
pph_02,e5-base,para_800,3,pph,urgent,0.0,0.0,0.0,0.0
pph_02,e5-base,para_800,5,pph,urgent,0.2,0.0,0.0,0.2
pph_03,e5-base,para_800,1,pph,urgent,1.0,0.0,0.0,1.0
pph_03,e5-base,para_800,3,pph,urgent,0.6667,0.0,0.0,0.6667
pph_03,e5-base,para_800,5,pph,urgent,0.4,0.0,0.0,0.4
pph_04,e5-base,para_800,1,pph,urgent,0.0,0.0,0.0,0.0
pph_04,e5-base,para_800,3,pph,urgent,0.3333,0.0,0.0,0.3333
pph_04,e5-base,para_800,5,pph,urgent,0.4,0.2,0.0,0.2
pph_05,e5-base,para_800,1,pph,urgent,0.0,0.0,0.0,0.0
pph_05,e5-base,para_800,3,pph,urgent,0.0,0.0,0.0,0.0
pph_05,e5-base,para_800,5,pph,urgent,0.2,0.0,0.0,0.2
pph_06,e5-base,para_800,1,pph,urgent,0.0,0.0,0.0,0.0
pph_06,e5-base,para_800,3,pph,urgent,0.0,0.0,0.0,0.0
pph_06,e5-base,para_800,5,pph,urgent,0.0,0.0,0.0,0.0
pph_07,e5-base,para_800,1,pph,urgent,1.0,0.0,0.0,1.0
pph_07,e5-base,para_800,3,pph,urgent,0.6667,0.3333,0.0,0.3333
pph_07,e5-base,para_800,5,pph,urgent,0.6,0.2,0.0,0.4
pph_08,e5-base,para_800,1,pph,urgent,0.0,0.0,0.0,0.0
pph_08,e5-base,para_800,3,pph,urgent,0.0,0.0,0.0,0.0
pph_08,e5-base,para_800,5,pph,urgent,0.0,0.0,0.0,0.0
pph_09,e5-base,para_800,1,pph,routine,1.0,0.0,0.0,1.0
pph_09,e5-base,para_800,3,pph,routine,0.3333,0.0,0.0,0.3333
pph_09,e5-base,para_800,5,pph,routine,0.4,0.0,0.0,0.4
pph_10,e5-base,para_800,1,pph,routine,1.0,0.0,0.0,1.0
pph_10,e5-base,para_800,3,pph,routine,0.6667,0.0,0.0,0.6667
pph_10,e5-base,para_800,5,pph,routine,0.6,0.2,0.0,0.4
hypertension_01,e5-base,para_800,1,hypertension,urgent,1.0,0.0,0.0,1.0
hypertension_01,e5-base,para_800,3,hypertension,urgent,1.0,0.3333,0.0,0.6667
hypertension_01,e5-base,para_800,5,hypertension,urgent,1.0,0.4,0.0,0.6
hypertension_02,e5-base,para_800,1,hypertension,urgent,1.0,0.0,0.0,1.0
hypertension_02,e5-base,para_800,3,hypertension,urgent,1.0,0.0,0.0,1.0
hypertension_02,e5-base,para_800,5,hypertension,urgent,1.0,0.2,0.0,0.8
hypertension_03,e5-base,para_800,1,hypertension,urgent,1.0,0.0,0.0,1.0
hypertension_03,e5-base,para_800,3,hypertension,urgent,1.0,0.3333,0.0,0.6667
hypertension_03,e5-base,para_800,5,hypertension,urgent,0.8,0.4,0.0,0.4
hypertension_04,e5-base,para_800,1,hypertension,urgent,1.0,0.0,0.0,1.0
hypertension_04,e5-base,para_800,3,hypertension,urgent,1.0,0.3333,0.0,0.6667
hypertension_04,e5-base,para_800,5,hypertension,urgent,0.8,0.2,0.0,0.6
hypertension_05,e5-base,para_800,1,hypertension,urgent,1.0,0.0,0.0,1.0
hypertension_05,e5-base,para_800,3,hypertension,urgent,1.0,0.0,0.0,1.0
hypertension_05,e5-base,para_800,5,hypertension,urgent,1.0,0.2,0.0,0.8
hypertension_06,e5-base,para_800,1,hypertension,urgent,1.0,0.0,0.0,1.0
hypertension_06,e5-base,para_800,3,hypertension,urgent,1.0,0.3333,0.0,0.6667
hypertension_06,e5-base,para_800,5,hypertension,urgent,0.8,0.2,0.0,0.6
hypertension_07,e5-base,para_800,1,hypertension,urgent,0.0,0.0,0.0,0.0
hypertension_07,e5-base,para_800,3,hypertension,urgent,0.3333,0.0,0.0,0.3333
hypertension_07,e5-base,para_800,5,hypertension,urgent,0.6,0.2,0.0,0.4
hypertension_08,e5-base,para_800,1,hypertension,urgent,0.0,0.0,0.0,0.0
hypertension_08,e5-base,para_800,3,hypertension,urgent,0.0,0.0,0.0,0.0
hypertension_08,e5-base,para_800,5,hypertension,urgent,0.2,0.0,0.0,0.2
hypertension_09,e5-base,para_800,1,hypertension,routine,1.0,0.0,0.0,1.0
hypertension_09,e5-base,para_800,3,hypertension,routine,1.0,0.0,0.0,1.0
hypertension_09,e5-base,para_800,5,hypertension,routine,0.8,0.0,0.0,0.8
hypertension_10,e5-base,para_800,1,hypertension,routine,1.0,0.0,0.0,1.0
hypertension_10,e5-base,para_800,3,hypertension,routine,1.0,0.0,0.0,1.0
hypertension_10,e5-base,para_800,5,hypertension,routine,0.6,0.0,0.0,0.6
labour_01,e5-base,para_800,1,labour,urgent,1.0,1.0,0.0,0.0
labour_01,e5-base,para_800,3,labour,urgent,1.0,0.3333,0.3333,0.6667
labour_01,e5-base,para_800,5,labour,urgent,0.8,0.2,0.2,0.6
labour_02,e5-base,para_800,1,labour,urgent,1.0,1.0,0.0,0.0
labour_02,e5-base,para_800,3,labour,urgent,0.6667,0.3333,0.3333,0.3333
labour_02,e5-base,para_800,5,labour,urgent,0.4,0.2,0.2,0.2
labour_03,e5-base,para_800,1,labour,urgent,1.0,1.0,0.0,0.0
labour_03,e5-base,para_800,3,labour,urgent,1.0,0.3333,0.0,0.6667
labour_03,e5-base,para_800,5,labour,urgent,1.0,0.2,0.2,0.8
labour_04,e5-base,para_800,1,labour,urgent,1.0,1.0,0.0,0.0
labour_04,e5-base,para_800,3,labour,urgent,1.0,0.3333,0.3333,0.6667
labour_04,e5-base,para_800,5,labour,urgent,1.0,0.2,0.2,0.8
labour_05,e5-base,para_800,1,labour,urgent,0.0,0.0,0.0,0.0
labour_05,e5-base,para_800,3,labour,urgent,0.3333,0.0,0.3333,0.3333
labour_05,e5-base,para_800,5,labour,urgent,0.2,0.0,0.2,0.2
labour_06,e5-base,para_800,1,labour,urgent,0.0,0.0,0.0,0.0
labour_06,e5-base,para_800,3,labour,urgent,0.3333,0.0,0.0,0.3333
labour_06,e5-base,para_800,5,labour,urgent,0.2,0.0,0.0,0.2
labour_07,e5-base,para_800,1,labour,urgent,1.0,0.0,1.0,1.0
labour_07,e5-base,para_800,3,labour,urgent,0.6667,0.3333,0.3333,0.3333
labour_07,e5-base,para_800,5,labour,urgent,0.4,0.2,0.2,0.2
labour_08,e5-base,para_800,1,labour,urgent,1.0,0.0,0.0,1.0
labour_08,e5-base,para_800,3,labour,urgent,1.0,0.0,0.3333,1.0
labour_08,e5-base,para_800,5,labour,urgent,1.0,0.0,0.2,1.0
labour_09,e5-base,para_800,1,labour,routine,1.0,1.0,0.0,0.0
labour_09,e5-base,para_800,3,labour,routine,0.3333,0.3333,0.0,0.0
labour_09,e5-base,para_800,5,labour,routine,0.4,0.2,0.0,0.2
labour_10,e5-base,para_800,1,labour,routine,0.0,0.0,0.0,0.0
labour_10,e5-base,para_800,3,labour,routine,0.3333,0.3333,0.0,0.0
labour_10,e5-base,para_800,5,labour,routine,0.4,0.2,0.0,0.2
postnatal_01,e5-base,para_800,1,postnatal,urgent,1.0,0.0,0.0,1.0
postnatal_01,e5-base,para_800,3,postnatal,urgent,1.0,0.0,0.0,1.0
postnatal_01,e5-base,para_800,5,postnatal,urgent,0.8,0.0,0.0,0.8
postnatal_02,e5-base,para_800,1,postnatal,urgent,1.0,0.0,0.0,1.0
postnatal_02,e5-base,para_800,3,postnatal,urgent,0.6667,0.0,0.0,0.6667
postnatal_02,e5-base,para_800,5,postnatal,urgent,0.6,0.0,0.0,0.6
postnatal_03,e5-base,para_800,1,postnatal,urgent,0.0,0.0,0.0,0.0
postnatal_03,e5-base,para_800,3,postnatal,urgent,0.3333,0.0,0.0,0.3333
postnatal_03,e5-base,para_800,5,postnatal,urgent,0.6,0.0,0.0,0.6
postnatal_04,e5-base,para_800,1,postnatal,urgent,1.0,0.0,0.0,1.0
postnatal_04,e5-base,para_800,3,postnatal,urgent,0.6667,0.0,0.3333,0.6667
postnatal_04,e5-base,para_800,5,postnatal,urgent,0.4,0.0,0.2,0.4
postnatal_05,e5-base,para_800,1,postnatal,urgent,1.0,0.0,0.0,1.0
postnatal_05,e5-base,para_800,3,postnatal,urgent,0.6667,0.0,0.0,0.6667
postnatal_05,e5-base,para_800,5,postnatal,urgent,0.6,0.0,0.0,0.6
postnatal_06,e5-base,para_800,1,postnatal,urgent,0.0,0.0,0.0,0.0
postnatal_06,e5-base,para_800,3,postnatal,urgent,0.3333,0.0,0.0,0.3333
postnatal_06,e5-base,para_800,5,postnatal,urgent,0.4,0.0,0.0,0.4
postnatal_07,e5-base,para_800,1,postnatal,urgent,1.0,0.0,0.0,1.0
postnatal_07,e5-base,para_800,3,postnatal,urgent,0.6667,0.0,0.0,0.6667
postnatal_07,e5-base,para_800,5,postnatal,urgent,0.8,0.0,0.0,0.8
postnatal_08,e5-base,para_800,1,postnatal,urgent,0.0,0.0,0.0,0.0
postnatal_08,e5-base,para_800,3,postnatal,urgent,0.0,0.0,0.0,0.0
postnatal_08,e5-base,para_800,5,postnatal,urgent,0.2,0.0,0.0,0.2
postnatal_09,e5-base,para_800,1,postnatal,routine,1.0,1.0,0.0,0.0
postnatal_09,e5-base,para_800,3,postnatal,routine,1.0,0.3333,0.0,0.6667
postnatal_09,e5-base,para_800,5,postnatal,routine,0.8,0.2,0.0,0.6
postnatal_10,e5-base,para_800,1,postnatal,routine,1.0,0.0,0.0,1.0
postnatal_10,e5-base,para_800,3,postnatal,routine,1.0,0.3333,0.0,0.6667
postnatal_10,e5-base,para_800,5,postnatal,routine,0.8,0.2,0.0,0.6
pph_01,minilm,fixed_300,1,pph,urgent,1.0,0.0,0.0,1.0
pph_01,minilm,fixed_300,3,pph,urgent,0.3333,0.0,0.0,0.3333
pph_01,minilm,fixed_300,5,pph,urgent,0.2,0.0,0.0,0.2
pph_02,minilm,fixed_300,1,pph,urgent,0.0,0.0,0.0,0.0
pph_02,minilm,fixed_300,3,pph,urgent,0.0,0.0,0.0,0.0
pph_02,minilm,fixed_300,5,pph,urgent,0.0,0.0,0.0,0.0
pph_03,minilm,fixed_300,1,pph,urgent,1.0,0.0,0.0,1.0
pph_03,minilm,fixed_300,3,pph,urgent,1.0,0.0,0.0,1.0
pph_03,minilm,fixed_300,5,pph,urgent,0.8,0.0,0.0,0.8
pph_04,minilm,fixed_300,1,pph,urgent,0.0,0.0,0.0,0.0
pph_04,minilm,fixed_300,3,pph,urgent,0.0,0.0,0.0,0.0
pph_04,minilm,fixed_300,5,pph,urgent,0.2,0.0,0.0,0.2
pph_05,minilm,fixed_300,1,pph,urgent,0.0,0.0,0.0,0.0
pph_05,minilm,fixed_300,3,pph,urgent,0.0,0.0,0.0,0.0
pph_05,minilm,fixed_300,5,pph,urgent,0.0,0.0,0.0,0.0
pph_06,minilm,fixed_300,1,pph,urgent,0.0,0.0,0.0,0.0
pph_06,minilm,fixed_300,3,pph,urgent,0.3333,0.0,0.0,0.3333
pph_06,minilm,fixed_300,5,pph,urgent,0.2,0.0,0.0,0.2
pph_07,minilm,fixed_300,1,pph,urgent,1.0,0.0,0.0,1.0
pph_07,minilm,fixed_300,3,pph,urgent,0.6667,0.0,0.0,0.6667
pph_07,minilm,fixed_300,5,pph,urgent,0.6,0.0,0.0,0.6
pph_08,minilm,fixed_300,1,pph,urgent,0.0,0.0,0.0,0.0
pph_08,minilm,fixed_300,3,pph,urgent,0.0,0.0,0.0,0.0
pph_08,minilm,fixed_300,5,pph,urgent,0.0,0.0,0.0,0.0
pph_09,minilm,fixed_300,1,pph,routine,1.0,0.0,0.0,1.0
pph_09,minilm,fixed_300,3,pph,routine,0.6667,0.0,0.0,0.6667
pph_09,minilm,fixed_300,5,pph,routine,0.6,0.0,0.0,0.6
pph_10,minilm,fixed_300,1,pph,routine,0.0,0.0,0.0,0.0
pph_10,minilm,fixed_300,3,pph,routine,0.6667,0.0,0.0,0.6667
pph_10,minilm,fixed_300,5,pph,routine,0.6,0.0,0.0,0.6
hypertension_01,minilm,fixed_300,1,hypertension,urgent,1.0,0.0,0.0,1.0
hypertension_01,minilm,fixed_300,3,hypertension,urgent,1.0,0.3333,0.0,0.6667
hypertension_01,minilm,fixed_300,5,hypertension,urgent,1.0,0.4,0.0,0.6
hypertension_02,minilm,fixed_300,1,hypertension,urgent,1.0,0.0,0.0,1.0
hypertension_02,minilm,fixed_300,3,hypertension,urgent,1.0,0.0,0.0,1.0
hypertension_02,minilm,fixed_300,5,hypertension,urgent,1.0,0.0,0.0,1.0
hypertension_03,minilm,fixed_300,1,hypertension,urgent,1.0,1.0,0.0,0.0
hypertension_03,minilm,fixed_300,3,hypertension,urgent,1.0,0.3333,0.0,0.6667
hypertension_03,minilm,fixed_300,5,hypertension,urgent,1.0,0.4,0.0,0.6
hypertension_04,minilm,fixed_300,1,hypertension,urgent,1.0,1.0,0.0,0.0
hypertension_04,minilm,fixed_300,3,hypertension,urgent,0.6667,0.3333,0.0,0.3333
hypertension_04,minilm,fixed_300,5,hypertension,urgent,0.6,0.2,0.0,0.4
hypertension_05,minilm,fixed_300,1,hypertension,urgent,1.0,0.0,0.0,1.0
hypertension_05,minilm,fixed_300,3,hypertension,urgent,1.0,0.0,0.0,1.0
hypertension_05,minilm,fixed_300,5,hypertension,urgent,1.0,0.0,0.2,1.0
hypertension_06,minilm,fixed_300,1,hypertension,urgent,1.0,0.0,0.0,1.0
hypertension_06,minilm,fixed_300,3,hypertension,urgent,0.3333,0.0,0.0,0.3333
hypertension_06,minilm,fixed_300,5,hypertension,urgent,0.4,0.2,0.0,0.2
hypertension_07,minilm,fixed_300,1,hypertension,urgent,1.0,1.0,0.0,0.0
hypertension_07,minilm,fixed_300,3,hypertension,urgent,0.6667,0.3333,0.0,0.3333
hypertension_07,minilm,fixed_300,5,hypertension,urgent,0.6,0.2,0.0,0.4
hypertension_08,minilm,fixed_300,1,hypertension,urgent,1.0,0.0,0.0,1.0
hypertension_08,minilm,fixed_300,3,hypertension,urgent,0.3333,0.0,0.0,0.3333
hypertension_08,minilm,fixed_300,5,hypertension,urgent,0.2,0.0,0.0,0.2
hypertension_09,minilm,fixed_300,1,hypertension,routine,1.0,0.0,0.0,1.0
hypertension_09,minilm,fixed_300,3,hypertension,routine,1.0,0.0,0.0,1.0
hypertension_09,minilm,fixed_300,5,hypertension,routine,1.0,0.2,0.0,0.8
hypertension_10,minilm,fixed_300,1,hypertension,routine,1.0,0.0,0.0,1.0
hypertension_10,minilm,fixed_300,3,hypertension,routine,1.0,0.0,0.0,1.0
hypertension_10,minilm,fixed_300,5,hypertension,routine,1.0,0.0,0.0,1.0
labour_01,minilm,fixed_300,1,labour,urgent,1.0,0.0,0.0,1.0
labour_01,minilm,fixed_300,3,labour,urgent,1.0,0.0,0.3333,1.0
labour_01,minilm,fixed_300,5,labour,urgent,1.0,0.0,0.2,1.0
labour_02,minilm,fixed_300,1,labour,urgent,0.0,0.0,0.0,0.0
labour_02,minilm,fixed_300,3,labour,urgent,0.6667,0.0,0.0,0.6667
labour_02,minilm,fixed_300,5,labour,urgent,0.6,0.0,0.2,0.6
labour_03,minilm,fixed_300,1,labour,urgent,1.0,0.0,0.0,1.0
labour_03,minilm,fixed_300,3,labour,urgent,1.0,0.0,0.0,1.0
labour_03,minilm,fixed_300,5,labour,urgent,0.8,0.0,0.0,0.8
labour_04,minilm,fixed_300,1,labour,urgent,1.0,0.0,0.0,1.0
labour_04,minilm,fixed_300,3,labour,urgent,1.0,0.0,0.0,1.0
labour_04,minilm,fixed_300,5,labour,urgent,1.0,0.0,0.0,1.0
labour_05,minilm,fixed_300,1,labour,urgent,0.0,0.0,0.0,0.0
labour_05,minilm,fixed_300,3,labour,urgent,0.3333,0.0,0.0,0.3333
labour_05,minilm,fixed_300,5,labour,urgent,0.2,0.0,0.0,0.2
labour_06,minilm,fixed_300,1,labour,urgent,0.0,0.0,0.0,0.0
labour_06,minilm,fixed_300,3,labour,urgent,0.3333,0.0,0.0,0.3333
labour_06,minilm,fixed_300,5,labour,urgent,0.2,0.0,0.0,0.2
labour_07,minilm,fixed_300,1,labour,urgent,1.0,0.0,0.0,1.0
labour_07,minilm,fixed_300,3,labour,urgent,0.6667,0.0,0.3333,0.6667
labour_07,minilm,fixed_300,5,labour,urgent,0.6,0.0,0.2,0.6
labour_08,minilm,fixed_300,1,labour,urgent,1.0,0.0,0.0,1.0
labour_08,minilm,fixed_300,3,labour,urgent,1.0,0.0,0.3333,1.0
labour_08,minilm,fixed_300,5,labour,urgent,1.0,0.0,0.2,1.0
labour_09,minilm,fixed_300,1,labour,routine,1.0,1.0,0.0,0.0
labour_09,minilm,fixed_300,3,labour,routine,1.0,0.3333,0.0,0.6667
labour_09,minilm,fixed_300,5,labour,routine,1.0,0.4,0.0,0.6
labour_10,minilm,fixed_300,1,labour,routine,1.0,0.0,0.0,1.0
labour_10,minilm,fixed_300,3,labour,routine,0.3333,0.0,0.0,0.3333
labour_10,minilm,fixed_300,5,labour,routine,0.4,0.0,0.0,0.4
postnatal_01,minilm,fixed_300,1,postnatal,urgent,1.0,0.0,0.0,1.0
postnatal_01,minilm,fixed_300,3,postnatal,urgent,0.6667,0.0,0.0,0.6667
postnatal_01,minilm,fixed_300,5,postnatal,urgent,0.6,0.0,0.0,0.6
postnatal_02,minilm,fixed_300,1,postnatal,urgent,1.0,0.0,0.0,1.0
postnatal_02,minilm,fixed_300,3,postnatal,urgent,0.3333,0.0,0.0,0.3333
postnatal_02,minilm,fixed_300,5,postnatal,urgent,0.6,0.0,0.0,0.6
postnatal_03,minilm,fixed_300,1,postnatal,urgent,1.0,0.0,0.0,1.0
postnatal_03,minilm,fixed_300,3,postnatal,urgent,0.6667,0.0,0.0,0.6667
postnatal_03,minilm,fixed_300,5,postnatal,urgent,0.4,0.0,0.0,0.4
postnatal_04,minilm,fixed_300,1,postnatal,urgent,1.0,0.0,0.0,1.0
postnatal_04,minilm,fixed_300,3,postnatal,urgent,1.0,0.0,0.0,1.0
postnatal_04,minilm,fixed_300,5,postnatal,urgent,0.6,0.0,0.0,0.6
postnatal_05,minilm,fixed_300,1,postnatal,urgent,0.0,0.0,0.0,0.0
postnatal_05,minilm,fixed_300,3,postnatal,urgent,0.0,0.0,0.0,0.0
postnatal_05,minilm,fixed_300,5,postnatal,urgent,0.0,0.0,0.0,0.0
postnatal_06,minilm,fixed_300,1,postnatal,urgent,0.0,0.0,0.0,0.0
postnatal_06,minilm,fixed_300,3,postnatal,urgent,0.0,0.0,0.0,0.0
postnatal_06,minilm,fixed_300,5,postnatal,urgent,0.0,0.0,0.0,0.0
postnatal_07,minilm,fixed_300,1,postnatal,urgent,1.0,0.0,0.0,1.0
postnatal_07,minilm,fixed_300,3,postnatal,urgent,0.6667,0.0,0.0,0.6667
postnatal_07,minilm,fixed_300,5,postnatal,urgent,0.6,0.0,0.0,0.6
postnatal_08,minilm,fixed_300,1,postnatal,urgent,0.0,0.0,0.0,0.0
postnatal_08,minilm,fixed_300,3,postnatal,urgent,0.0,0.0,0.0,0.0
postnatal_08,minilm,fixed_300,5,postnatal,urgent,0.0,0.0,0.0,0.0
postnatal_09,minilm,fixed_300,1,postnatal,routine,1.0,0.0,0.0,1.0
postnatal_09,minilm,fixed_300,3,postnatal,routine,0.6667,0.0,0.0,0.6667
postnatal_09,minilm,fixed_300,5,postnatal,routine,0.6,0.0,0.0,0.6
postnatal_10,minilm,fixed_300,1,postnatal,routine,1.0,0.0,0.0,1.0
postnatal_10,minilm,fixed_300,3,postnatal,routine,0.6667,0.0,0.0,0.6667
postnatal_10,minilm,fixed_300,5,postnatal,routine,0.8,0.0,0.0,0.8
pph_01,minilm,fixed_500,1,pph,urgent,0.0,0.0,0.0,0.0
pph_01,minilm,fixed_500,3,pph,urgent,0.3333,0.0,0.3333,0.3333
pph_01,minilm,fixed_500,5,pph,urgent,0.2,0.0,0.2,0.2
pph_02,minilm,fixed_500,1,pph,urgent,0.0,0.0,0.0,0.0
pph_02,minilm,fixed_500,3,pph,urgent,0.0,0.0,0.0,0.0
pph_02,minilm,fixed_500,5,pph,urgent,0.0,0.0,0.0,0.0
pph_03,minilm,fixed_500,1,pph,urgent,1.0,0.0,1.0,1.0
pph_03,minilm,fixed_500,3,pph,urgent,0.6667,0.0,0.3333,0.6667
pph_03,minilm,fixed_500,5,pph,urgent,0.4,0.0,0.2,0.4
pph_04,minilm,fixed_500,1,pph,urgent,0.0,0.0,0.0,0.0
pph_04,minilm,fixed_500,3,pph,urgent,0.0,0.0,0.0,0.0
pph_04,minilm,fixed_500,5,pph,urgent,0.0,0.0,0.0,0.0
pph_05,minilm,fixed_500,1,pph,urgent,0.0,0.0,0.0,0.0
pph_05,minilm,fixed_500,3,pph,urgent,0.0,0.0,0.0,0.0
pph_05,minilm,fixed_500,5,pph,urgent,0.2,0.0,0.0,0.2
pph_06,minilm,fixed_500,1,pph,urgent,1.0,0.0,0.0,1.0
pph_06,minilm,fixed_500,3,pph,urgent,0.3333,0.0,0.0,0.3333
pph_06,minilm,fixed_500,5,pph,urgent,0.2,0.0,0.0,0.2
pph_07,minilm,fixed_500,1,pph,urgent,0.0,0.0,0.0,0.0
pph_07,minilm,fixed_500,3,pph,urgent,0.3333,0.3333,0.0,0.0
pph_07,minilm,fixed_500,5,pph,urgent,0.2,0.2,0.0,0.0
pph_08,minilm,fixed_500,1,pph,urgent,0.0,0.0,0.0,0.0
pph_08,minilm,fixed_500,3,pph,urgent,0.0,0.0,0.0,0.0
pph_08,minilm,fixed_500,5,pph,urgent,0.0,0.0,0.0,0.0
pph_09,minilm,fixed_500,1,pph,routine,1.0,1.0,0.0,0.0
pph_09,minilm,fixed_500,3,pph,routine,0.6667,0.3333,0.0,0.3333
pph_09,minilm,fixed_500,5,pph,routine,0.4,0.2,0.0,0.2
pph_10,minilm,fixed_500,1,pph,routine,1.0,1.0,0.0,0.0
pph_10,minilm,fixed_500,3,pph,routine,1.0,0.3333,0.0,0.6667
pph_10,minilm,fixed_500,5,pph,routine,1.0,0.2,0.0,0.8
hypertension_01,minilm,fixed_500,1,hypertension,urgent,1.0,1.0,0.0,0.0
hypertension_01,minilm,fixed_500,3,hypertension,urgent,0.6667,0.3333,0.0,0.3333
hypertension_01,minilm,fixed_500,5,hypertension,urgent,0.8,0.2,0.0,0.6
hypertension_02,minilm,fixed_500,1,hypertension,urgent,1.0,1.0,0.0,0.0
hypertension_02,minilm,fixed_500,3,hypertension,urgent,0.6667,0.3333,0.0,0.3333
hypertension_02,minilm,fixed_500,5,hypertension,urgent,0.8,0.2,0.0,0.6
hypertension_03,minilm,fixed_500,1,hypertension,urgent,1.0,1.0,0.0,0.0
hypertension_03,minilm,fixed_500,3,hypertension,urgent,1.0,0.3333,0.0,0.6667
hypertension_03,minilm,fixed_500,5,hypertension,urgent,1.0,0.2,0.0,0.8
hypertension_04,minilm,fixed_500,1,hypertension,urgent,1.0,1.0,0.0,0.0
hypertension_04,minilm,fixed_500,3,hypertension,urgent,0.6667,0.3333,0.0,0.3333
hypertension_04,minilm,fixed_500,5,hypertension,urgent,0.6,0.2,0.0,0.4
hypertension_05,minilm,fixed_500,1,hypertension,urgent,1.0,1.0,0.0,0.0
hypertension_05,minilm,fixed_500,3,hypertension,urgent,1.0,0.3333,0.3333,0.6667
hypertension_05,minilm,fixed_500,5,hypertension,urgent,1.0,0.2,0.2,0.8
hypertension_06,minilm,fixed_500,1,hypertension,urgent,1.0,1.0,0.0,0.0
hypertension_06,minilm,fixed_500,3,hypertension,urgent,0.3333,0.3333,0.0,0.0
hypertension_06,minilm,fixed_500,5,hypertension,urgent,0.2,0.2,0.0,0.0
hypertension_07,minilm,fixed_500,1,hypertension,urgent,1.0,0.0,0.0,1.0
hypertension_07,minilm,fixed_500,3,hypertension,urgent,0.3333,0.0,0.0,0.3333
hypertension_07,minilm,fixed_500,5,hypertension,urgent,0.4,0.0,0.0,0.4
hypertension_08,minilm,fixed_500,1,hypertension,urgent,1.0,0.0,0.0,1.0
hypertension_08,minilm,fixed_500,3,hypertension,urgent,0.3333,0.0,0.0,0.3333
hypertension_08,minilm,fixed_500,5,hypertension,urgent,0.4,0.0,0.0,0.4
hypertension_09,minilm,fixed_500,1,hypertension,routine,1.0,0.0,0.0,1.0
hypertension_09,minilm,fixed_500,3,hypertension,routine,1.0,0.0,0.0,1.0
hypertension_09,minilm,fixed_500,5,hypertension,routine,1.0,0.0,0.0,1.0
hypertension_10,minilm,fixed_500,1,hypertension,routine,1.0,0.0,0.0,1.0
hypertension_10,minilm,fixed_500,3,hypertension,routine,1.0,0.0,0.0,1.0
hypertension_10,minilm,fixed_500,5,hypertension,routine,1.0,0.0,0.0,1.0
labour_01,minilm,fixed_500,1,labour,urgent,1.0,0.0,1.0,1.0
labour_01,minilm,fixed_500,3,labour,urgent,1.0,0.3333,0.6667,0.6667
labour_01,minilm,fixed_500,5,labour,urgent,1.0,0.2,0.4,0.8
labour_02,minilm,fixed_500,1,labour,urgent,0.0,0.0,0.0,0.0
labour_02,minilm,fixed_500,3,labour,urgent,0.3333,0.0,0.3333,0.3333
labour_02,minilm,fixed_500,5,labour,urgent,0.4,0.0,0.2,0.4
labour_03,minilm,fixed_500,1,labour,urgent,1.0,1.0,0.0,0.0
labour_03,minilm,fixed_500,3,labour,urgent,1.0,0.3333,0.3333,0.6667
labour_03,minilm,fixed_500,5,labour,urgent,0.8,0.2,0.4,0.6
labour_04,minilm,fixed_500,1,labour,urgent,1.0,0.0,1.0,1.0
labour_04,minilm,fixed_500,3,labour,urgent,1.0,0.3333,0.3333,0.6667
labour_04,minilm,fixed_500,5,labour,urgent,1.0,0.2,0.4,0.8
labour_05,minilm,fixed_500,1,labour,urgent,0.0,0.0,0.0,0.0
labour_05,minilm,fixed_500,3,labour,urgent,0.3333,0.0,0.0,0.3333
labour_05,minilm,fixed_500,5,labour,urgent,0.2,0.0,0.0,0.2
labour_06,minilm,fixed_500,1,labour,urgent,0.0,0.0,0.0,0.0
labour_06,minilm,fixed_500,3,labour,urgent,0.3333,0.3333,0.0,0.0
labour_06,minilm,fixed_500,5,labour,urgent,0.2,0.2,0.0,0.0
labour_07,minilm,fixed_500,1,labour,urgent,1.0,0.0,1.0,1.0
labour_07,minilm,fixed_500,3,labour,urgent,0.6667,0.3333,0.3333,0.3333
labour_07,minilm,fixed_500,5,labour,urgent,0.6,0.2,0.2,0.4
labour_08,minilm,fixed_500,1,labour,urgent,1.0,0.0,1.0,1.0
labour_08,minilm,fixed_500,3,labour,urgent,1.0,0.0,0.3333,1.0
labour_08,minilm,fixed_500,5,labour,urgent,1.0,0.0,0.4,1.0
labour_09,minilm,fixed_500,1,labour,routine,1.0,1.0,0.0,0.0
labour_09,minilm,fixed_500,3,labour,routine,1.0,0.6667,0.0,0.3333
labour_09,minilm,fixed_500,5,labour,routine,1.0,0.4,0.0,0.6
labour_10,minilm,fixed_500,1,labour,routine,0.0,0.0,0.0,0.0
labour_10,minilm,fixed_500,3,labour,routine,0.6667,0.3333,0.0,0.3333
labour_10,minilm,fixed_500,5,labour,routine,0.4,0.2,0.0,0.2
postnatal_01,minilm,fixed_500,1,postnatal,urgent,0.0,0.0,0.0,0.0
postnatal_01,minilm,fixed_500,3,postnatal,urgent,0.6667,0.3333,0.0,0.3333
postnatal_01,minilm,fixed_500,5,postnatal,urgent,0.8,0.2,0.0,0.6
postnatal_02,minilm,fixed_500,1,postnatal,urgent,1.0,1.0,0.0,0.0
postnatal_02,minilm,fixed_500,3,postnatal,urgent,0.6667,0.3333,0.0,0.3333
postnatal_02,minilm,fixed_500,5,postnatal,urgent,0.4,0.2,0.0,0.2
postnatal_03,minilm,fixed_500,1,postnatal,urgent,0.0,0.0,0.0,0.0
postnatal_03,minilm,fixed_500,3,postnatal,urgent,0.3333,0.0,0.0,0.3333
postnatal_03,minilm,fixed_500,5,postnatal,urgent,0.6,0.0,0.2,0.6
postnatal_04,minilm,fixed_500,1,postnatal,urgent,1.0,0.0,0.0,1.0
postnatal_04,minilm,fixed_500,3,postnatal,urgent,0.6667,0.0,0.0,0.6667
postnatal_04,minilm,fixed_500,5,postnatal,urgent,0.6,0.0,0.0,0.6
postnatal_05,minilm,fixed_500,1,postnatal,urgent,0.0,0.0,0.0,0.0
postnatal_05,minilm,fixed_500,3,postnatal,urgent,0.0,0.0,0.0,0.0
postnatal_05,minilm,fixed_500,5,postnatal,urgent,0.0,0.0,0.0,0.0
postnatal_06,minilm,fixed_500,1,postnatal,urgent,0.0,0.0,0.0,0.0
postnatal_06,minilm,fixed_500,3,postnatal,urgent,0.0,0.0,0.0,0.0
postnatal_06,minilm,fixed_500,5,postnatal,urgent,0.2,0.0,0.0,0.2
postnatal_07,minilm,fixed_500,1,postnatal,urgent,0.0,0.0,0.0,0.0
postnatal_07,minilm,fixed_500,3,postnatal,urgent,0.6667,0.0,0.0,0.6667
postnatal_07,minilm,fixed_500,5,postnatal,urgent,0.8,0.0,0.0,0.8
postnatal_08,minilm,fixed_500,1,postnatal,urgent,0.0,0.0,0.0,0.0
postnatal_08,minilm,fixed_500,3,postnatal,urgent,0.0,0.0,0.0,0.0
postnatal_08,minilm,fixed_500,5,postnatal,urgent,0.0,0.0,0.0,0.0
postnatal_09,minilm,fixed_500,1,postnatal,routine,1.0,0.0,0.0,1.0
postnatal_09,minilm,fixed_500,3,postnatal,routine,0.6667,0.0,0.0,0.6667
postnatal_09,minilm,fixed_500,5,postnatal,routine,0.6,0.0,0.0,0.6
postnatal_10,minilm,fixed_500,1,postnatal,routine,1.0,0.0,0.0,1.0
postnatal_10,minilm,fixed_500,3,postnatal,routine,1.0,0.0,0.0,1.0
postnatal_10,minilm,fixed_500,5,postnatal,routine,0.8,0.0,0.0,0.8
pph_01,minilm,fixed_800,1,pph,urgent,0.0,0.0,0.0,0.0
pph_01,minilm,fixed_800,3,pph,urgent,0.0,0.0,0.0,0.0
pph_01,minilm,fixed_800,5,pph,urgent,0.0,0.0,0.0,0.0
pph_02,minilm,fixed_800,1,pph,urgent,0.0,0.0,0.0,0.0
pph_02,minilm,fixed_800,3,pph,urgent,0.0,0.0,0.0,0.0
pph_02,minilm,fixed_800,5,pph,urgent,0.2,0.0,0.0,0.2
pph_03,minilm,fixed_800,1,pph,urgent,1.0,0.0,0.0,1.0
pph_03,minilm,fixed_800,3,pph,urgent,0.6667,0.3333,0.0,0.3333
pph_03,minilm,fixed_800,5,pph,urgent,0.8,0.2,0.0,0.6
pph_04,minilm,fixed_800,1,pph,urgent,0.0,0.0,0.0,0.0
pph_04,minilm,fixed_800,3,pph,urgent,0.0,0.0,0.0,0.0
pph_04,minilm,fixed_800,5,pph,urgent,0.2,0.0,0.0,0.2
pph_05,minilm,fixed_800,1,pph,urgent,0.0,0.0,0.0,0.0
pph_05,minilm,fixed_800,3,pph,urgent,0.0,0.0,0.0,0.0
pph_05,minilm,fixed_800,5,pph,urgent,0.0,0.0,0.0,0.0
pph_06,minilm,fixed_800,1,pph,urgent,1.0,0.0,0.0,1.0
pph_06,minilm,fixed_800,3,pph,urgent,0.6667,0.0,0.0,0.6667
pph_06,minilm,fixed_800,5,pph,urgent,0.4,0.0,0.0,0.4
pph_07,minilm,fixed_800,1,pph,urgent,1.0,0.0,0.0,1.0
pph_07,minilm,fixed_800,3,pph,urgent,0.3333,0.0,0.0,0.3333
pph_07,minilm,fixed_800,5,pph,urgent,0.2,0.0,0.0,0.2
pph_08,minilm,fixed_800,1,pph,urgent,0.0,0.0,0.0,0.0
pph_08,minilm,fixed_800,3,pph,urgent,0.0,0.0,0.0,0.0
pph_08,minilm,fixed_800,5,pph,urgent,0.0,0.0,0.0,0.0
pph_09,minilm,fixed_800,1,pph,routine,1.0,0.0,0.0,1.0
pph_09,minilm,fixed_800,3,pph,routine,1.0,0.0,0.0,1.0
pph_09,minilm,fixed_800,5,pph,routine,1.0,0.0,0.0,1.0
pph_10,minilm,fixed_800,1,pph,routine,1.0,0.0,0.0,1.0
pph_10,minilm,fixed_800,3,pph,routine,1.0,0.0,0.0,1.0
pph_10,minilm,fixed_800,5,pph,routine,1.0,0.0,0.0,1.0
hypertension_01,minilm,fixed_800,1,hypertension,urgent,1.0,1.0,0.0,0.0
hypertension_01,minilm,fixed_800,3,hypertension,urgent,1.0,0.3333,0.0,0.6667
hypertension_01,minilm,fixed_800,5,hypertension,urgent,1.0,0.2,0.0,0.8
hypertension_02,minilm,fixed_800,1,hypertension,urgent,1.0,1.0,0.0,0.0
hypertension_02,minilm,fixed_800,3,hypertension,urgent,1.0,0.3333,0.0,0.6667
hypertension_02,minilm,fixed_800,5,hypertension,urgent,0.8,0.4,0.0,0.4
hypertension_03,minilm,fixed_800,1,hypertension,urgent,1.0,1.0,0.0,0.0
hypertension_03,minilm,fixed_800,3,hypertension,urgent,1.0,0.6667,0.0,0.3333
hypertension_03,minilm,fixed_800,5,hypertension,urgent,1.0,0.4,0.0,0.6
hypertension_04,minilm,fixed_800,1,hypertension,urgent,1.0,0.0,0.0,1.0
hypertension_04,minilm,fixed_800,3,hypertension,urgent,1.0,0.6667,0.0,0.3333
hypertension_04,minilm,fixed_800,5,hypertension,urgent,0.8,0.6,0.0,0.2
hypertension_05,minilm,fixed_800,1,hypertension,urgent,1.0,0.0,0.0,1.0
hypertension_05,minilm,fixed_800,3,hypertension,urgent,1.0,0.0,0.3333,1.0
hypertension_05,minilm,fixed_800,5,hypertension,urgent,1.0,0.2,0.2,0.8
hypertension_06,minilm,fixed_800,1,hypertension,urgent,1.0,1.0,0.0,0.0
hypertension_06,minilm,fixed_800,3,hypertension,urgent,0.3333,0.3333,0.0,0.0
hypertension_06,minilm,fixed_800,5,hypertension,urgent,0.2,0.2,0.0,0.0
hypertension_07,minilm,fixed_800,1,hypertension,urgent,1.0,1.0,0.0,0.0
hypertension_07,minilm,fixed_800,3,hypertension,urgent,0.6667,0.6667,0.0,0.0
hypertension_07,minilm,fixed_800,5,hypertension,urgent,0.4,0.4,0.0,0.0
hypertension_08,minilm,fixed_800,1,hypertension,urgent,0.0,0.0,0.0,0.0
hypertension_08,minilm,fixed_800,3,hypertension,urgent,0.3333,0.0,0.0,0.3333
hypertension_08,minilm,fixed_800,5,hypertension,urgent,0.2,0.0,0.0,0.2
hypertension_09,minilm,fixed_800,1,hypertension,routine,1.0,0.0,0.0,1.0
hypertension_09,minilm,fixed_800,3,hypertension,routine,1.0,0.0,0.0,1.0
hypertension_09,minilm,fixed_800,5,hypertension,routine,1.0,0.0,0.0,1.0
hypertension_10,minilm,fixed_800,1,hypertension,routine,1.0,0.0,0.0,1.0
hypertension_10,minilm,fixed_800,3,hypertension,routine,1.0,0.0,0.0,1.0
hypertension_10,minilm,fixed_800,5,hypertension,routine,1.0,0.0,0.0,1.0
labour_01,minilm,fixed_800,1,labour,urgent,1.0,0.0,0.0,1.0
labour_01,minilm,fixed_800,3,labour,urgent,1.0,0.0,0.0,1.0
labour_01,minilm,fixed_800,5,labour,urgent,1.0,0.2,0.0,0.8
labour_02,minilm,fixed_800,1,labour,urgent,1.0,0.0,0.0,1.0
labour_02,minilm,fixed_800,3,labour,urgent,0.6667,0.0,0.0,0.6667
labour_02,minilm,fixed_800,5,labour,urgent,0.6,0.0,0.0,0.6
labour_03,minilm,fixed_800,1,labour,urgent,1.0,0.0,0.0,1.0
labour_03,minilm,fixed_800,3,labour,urgent,1.0,0.3333,0.0,0.6667
labour_03,minilm,fixed_800,5,labour,urgent,1.0,0.2,0.0,0.8
labour_04,minilm,fixed_800,1,labour,urgent,1.0,0.0,0.0,1.0
labour_04,minilm,fixed_800,3,labour,urgent,1.0,0.0,0.0,1.0
labour_04,minilm,fixed_800,5,labour,urgent,1.0,0.0,0.0,1.0
labour_05,minilm,fixed_800,1,labour,urgent,0.0,0.0,0.0,0.0
labour_05,minilm,fixed_800,3,labour,urgent,0.3333,0.0,0.0,0.3333
labour_05,minilm,fixed_800,5,labour,urgent,0.2,0.0,0.0,0.2
labour_06,minilm,fixed_800,1,labour,urgent,1.0,1.0,0.0,0.0
labour_06,minilm,fixed_800,3,labour,urgent,0.6667,0.3333,0.0,0.3333
labour_06,minilm,fixed_800,5,labour,urgent,0.6,0.2,0.0,0.4
labour_07,minilm,fixed_800,1,labour,urgent,1.0,0.0,0.0,1.0
labour_07,minilm,fixed_800,3,labour,urgent,1.0,0.0,0.0,1.0
labour_07,minilm,fixed_800,5,labour,urgent,1.0,0.0,0.0,1.0
labour_08,minilm,fixed_800,1,labour,urgent,1.0,0.0,0.0,1.0
labour_08,minilm,fixed_800,3,labour,urgent,0.6667,0.0,0.0,0.6667
labour_08,minilm,fixed_800,5,labour,urgent,0.8,0.0,0.0,0.8
labour_09,minilm,fixed_800,1,labour,routine,1.0,0.0,0.0,1.0
labour_09,minilm,fixed_800,3,labour,routine,0.6667,0.0,0.0,0.6667
labour_09,minilm,fixed_800,5,labour,routine,0.8,0.0,0.0,0.8
labour_10,minilm,fixed_800,1,labour,routine,1.0,0.0,0.0,1.0
labour_10,minilm,fixed_800,3,labour,routine,0.6667,0.0,0.0,0.6667
labour_10,minilm,fixed_800,5,labour,routine,0.6,0.0,0.0,0.6
postnatal_01,minilm,fixed_800,1,postnatal,urgent,0.0,0.0,0.0,0.0
postnatal_01,minilm,fixed_800,3,postnatal,urgent,0.6667,0.3333,0.0,0.3333
postnatal_01,minilm,fixed_800,5,postnatal,urgent,0.6,0.2,0.0,0.4
postnatal_02,minilm,fixed_800,1,postnatal,urgent,1.0,0.0,0.0,1.0
postnatal_02,minilm,fixed_800,3,postnatal,urgent,0.6667,0.0,0.0,0.6667
postnatal_02,minilm,fixed_800,5,postnatal,urgent,0.8,0.0,0.2,0.8
postnatal_03,minilm,fixed_800,1,postnatal,urgent,1.0,0.0,0.0,1.0
postnatal_03,minilm,fixed_800,3,postnatal,urgent,0.6667,0.0,0.3333,0.6667
postnatal_03,minilm,fixed_800,5,postnatal,urgent,0.4,0.0,0.2,0.4
postnatal_04,minilm,fixed_800,1,postnatal,urgent,0.0,0.0,0.0,0.0
postnatal_04,minilm,fixed_800,3,postnatal,urgent,0.3333,0.0,0.0,0.3333
postnatal_04,minilm,fixed_800,5,postnatal,urgent,0.4,0.0,0.0,0.4
postnatal_05,minilm,fixed_800,1,postnatal,urgent,0.0,0.0,0.0,0.0
postnatal_05,minilm,fixed_800,3,postnatal,urgent,0.0,0.0,0.0,0.0
postnatal_05,minilm,fixed_800,5,postnatal,urgent,0.0,0.0,0.0,0.0
postnatal_06,minilm,fixed_800,1,postnatal,urgent,0.0,0.0,0.0,0.0
postnatal_06,minilm,fixed_800,3,postnatal,urgent,0.0,0.0,0.0,0.0
postnatal_06,minilm,fixed_800,5,postnatal,urgent,0.0,0.0,0.0,0.0
postnatal_07,minilm,fixed_800,1,postnatal,urgent,1.0,0.0,0.0,1.0
postnatal_07,minilm,fixed_800,3,postnatal,urgent,0.6667,0.0,0.0,0.6667
postnatal_07,minilm,fixed_800,5,postnatal,urgent,0.6,0.0,0.0,0.6
postnatal_08,minilm,fixed_800,1,postnatal,urgent,0.0,0.0,0.0,0.0
postnatal_08,minilm,fixed_800,3,postnatal,urgent,0.3333,0.0,0.0,0.3333
postnatal_08,minilm,fixed_800,5,postnatal,urgent,0.2,0.0,0.0,0.2
postnatal_09,minilm,fixed_800,1,postnatal,routine,0.0,0.0,0.0,0.0
postnatal_09,minilm,fixed_800,3,postnatal,routine,0.6667,0.0,0.0,0.6667
postnatal_09,minilm,fixed_800,5,postnatal,routine,0.8,0.2,0.0,0.6
postnatal_10,minilm,fixed_800,1,postnatal,routine,1.0,0.0,0.0,1.0
postnatal_10,minilm,fixed_800,3,postnatal,routine,0.6667,0.0,0.0,0.6667
postnatal_10,minilm,fixed_800,5,postnatal,routine,0.8,0.0,0.0,0.8
pph_01,minilm,para_300,1,pph,urgent,1.0,0.0,0.0,1.0
pph_01,minilm,para_300,3,pph,urgent,0.3333,0.0,0.0,0.3333
pph_01,minilm,para_300,5,pph,urgent,0.2,0.0,0.0,0.2
pph_02,minilm,para_300,1,pph,urgent,0.0,0.0,0.0,0.0
pph_02,minilm,para_300,3,pph,urgent,0.3333,0.0,0.0,0.3333
pph_02,minilm,para_300,5,pph,urgent,0.2,0.0,0.0,0.2
pph_03,minilm,para_300,1,pph,urgent,1.0,0.0,0.0,1.0
pph_03,minilm,para_300,3,pph,urgent,1.0,0.0,0.0,1.0
pph_03,minilm,para_300,5,pph,urgent,0.8,0.2,0.0,0.6
pph_04,minilm,para_300,1,pph,urgent,0.0,0.0,0.0,0.0
pph_04,minilm,para_300,3,pph,urgent,0.0,0.0,0.0,0.0
pph_04,minilm,para_300,5,pph,urgent,0.0,0.0,0.0,0.0
pph_05,minilm,para_300,1,pph,urgent,0.0,0.0,0.0,0.0
pph_05,minilm,para_300,3,pph,urgent,0.0,0.0,0.0,0.0
pph_05,minilm,para_300,5,pph,urgent,0.0,0.0,0.0,0.0
pph_06,minilm,para_300,1,pph,urgent,0.0,0.0,0.0,0.0
pph_06,minilm,para_300,3,pph,urgent,0.0,0.0,0.0,0.0
pph_06,minilm,para_300,5,pph,urgent,0.0,0.0,0.0,0.0
pph_07,minilm,para_300,1,pph,urgent,0.0,0.0,0.0,0.0
pph_07,minilm,para_300,3,pph,urgent,0.0,0.0,0.0,0.0
pph_07,minilm,para_300,5,pph,urgent,0.2,0.0,0.0,0.2
pph_08,minilm,para_300,1,pph,urgent,0.0,0.0,0.0,0.0
pph_08,minilm,para_300,3,pph,urgent,0.0,0.0,0.0,0.0
pph_08,minilm,para_300,5,pph,urgent,0.0,0.0,0.0,0.0
pph_09,minilm,para_300,1,pph,routine,1.0,0.0,0.0,1.0
pph_09,minilm,para_300,3,pph,routine,0.6667,0.0,0.0,0.6667
pph_09,minilm,para_300,5,pph,routine,0.6,0.0,0.0,0.6
pph_10,minilm,para_300,1,pph,routine,1.0,0.0,0.0,1.0
pph_10,minilm,para_300,3,pph,routine,0.6667,0.0,0.0,0.6667
pph_10,minilm,para_300,5,pph,routine,0.6,0.0,0.0,0.6
hypertension_01,minilm,para_300,1,hypertension,urgent,1.0,0.0,0.0,1.0
hypertension_01,minilm,para_300,3,hypertension,urgent,1.0,0.0,0.0,1.0
hypertension_01,minilm,para_300,5,hypertension,urgent,1.0,0.2,0.0,0.8
hypertension_02,minilm,para_300,1,hypertension,urgent,1.0,0.0,0.0,1.0
hypertension_02,minilm,para_300,3,hypertension,urgent,0.6667,0.0,0.0,0.6667
hypertension_02,minilm,para_300,5,hypertension,urgent,0.6,0.0,0.0,0.6
hypertension_03,minilm,para_300,1,hypertension,urgent,1.0,0.0,0.0,1.0
hypertension_03,minilm,para_300,3,hypertension,urgent,1.0,0.6667,0.0,0.3333
hypertension_03,minilm,para_300,5,hypertension,urgent,1.0,0.4,0.0,0.6
hypertension_04,minilm,para_300,1,hypertension,urgent,1.0,0.0,0.0,1.0
hypertension_04,minilm,para_300,3,hypertension,urgent,1.0,0.3333,0.0,0.6667
hypertension_04,minilm,para_300,5,hypertension,urgent,0.8,0.2,0.0,0.6
hypertension_05,minilm,para_300,1,hypertension,urgent,1.0,0.0,0.0,1.0
hypertension_05,minilm,para_300,3,hypertension,urgent,1.0,0.0,0.3333,1.0
hypertension_05,minilm,para_300,5,hypertension,urgent,1.0,0.0,0.2,1.0
hypertension_06,minilm,para_300,1,hypertension,urgent,1.0,0.0,0.0,1.0
hypertension_06,minilm,para_300,3,hypertension,urgent,0.3333,0.0,0.0,0.3333
hypertension_06,minilm,para_300,5,hypertension,urgent,0.2,0.0,0.0,0.2
hypertension_07,minilm,para_300,1,hypertension,urgent,0.0,0.0,0.0,0.0
hypertension_07,minilm,para_300,3,hypertension,urgent,0.3333,0.0,0.0,0.3333
hypertension_07,minilm,para_300,5,hypertension,urgent,0.6,0.2,0.0,0.4
hypertension_08,minilm,para_300,1,hypertension,urgent,1.0,0.0,0.0,1.0
hypertension_08,minilm,para_300,3,hypertension,urgent,0.3333,0.0,0.0,0.3333
hypertension_08,minilm,para_300,5,hypertension,urgent,0.2,0.0,0.0,0.2
hypertension_09,minilm,para_300,1,hypertension,routine,1.0,1.0,0.0,0.0
hypertension_09,minilm,para_300,3,hypertension,routine,1.0,0.3333,0.0,0.6667
hypertension_09,minilm,para_300,5,hypertension,routine,1.0,0.2,0.0,0.8
hypertension_10,minilm,para_300,1,hypertension,routine,1.0,0.0,0.0,1.0
hypertension_10,minilm,para_300,3,hypertension,routine,1.0,0.0,0.0,1.0
hypertension_10,minilm,para_300,5,hypertension,routine,1.0,0.2,0.0,0.8
labour_01,minilm,para_300,1,labour,urgent,1.0,0.0,0.0,1.0
labour_01,minilm,para_300,3,labour,urgent,1.0,0.0,0.0,1.0
labour_01,minilm,para_300,5,labour,urgent,1.0,0.0,0.0,1.0
labour_02,minilm,para_300,1,labour,urgent,1.0,0.0,0.0,1.0
labour_02,minilm,para_300,3,labour,urgent,0.6667,0.0,0.0,0.6667
labour_02,minilm,para_300,5,labour,urgent,0.6,0.0,0.0,0.6
labour_03,minilm,para_300,1,labour,urgent,1.0,0.0,0.0,1.0
labour_03,minilm,para_300,3,labour,urgent,1.0,0.0,0.0,1.0
labour_03,minilm,para_300,5,labour,urgent,1.0,0.0,0.0,1.0
labour_04,minilm,para_300,1,labour,urgent,1.0,0.0,0.0,1.0
labour_04,minilm,para_300,3,labour,urgent,1.0,0.0,0.0,1.0
labour_04,minilm,para_300,5,labour,urgent,1.0,0.0,0.0,1.0
labour_05,minilm,para_300,1,labour,urgent,0.0,0.0,0.0,0.0
labour_05,minilm,para_300,3,labour,urgent,0.0,0.0,0.0,0.0
labour_05,minilm,para_300,5,labour,urgent,0.2,0.0,0.0,0.2
labour_06,minilm,para_300,1,labour,urgent,0.0,0.0,0.0,0.0
labour_06,minilm,para_300,3,labour,urgent,0.0,0.0,0.0,0.0
labour_06,minilm,para_300,5,labour,urgent,0.2,0.0,0.0,0.2
labour_07,minilm,para_300,1,labour,urgent,1.0,0.0,0.0,1.0
labour_07,minilm,para_300,3,labour,urgent,1.0,0.0,0.0,1.0
labour_07,minilm,para_300,5,labour,urgent,0.8,0.0,0.0,0.8
labour_08,minilm,para_300,1,labour,urgent,1.0,0.0,1.0,1.0
labour_08,minilm,para_300,3,labour,urgent,0.6667,0.0,0.3333,0.6667
labour_08,minilm,para_300,5,labour,urgent,0.8,0.0,0.2,0.8
labour_09,minilm,para_300,1,labour,routine,1.0,1.0,0.0,0.0
labour_09,minilm,para_300,3,labour,routine,1.0,0.3333,0.0,0.6667
labour_09,minilm,para_300,5,labour,routine,0.6,0.2,0.0,0.4
labour_10,minilm,para_300,1,labour,routine,0.0,0.0,0.0,0.0
labour_10,minilm,para_300,3,labour,routine,0.6667,0.0,0.0,0.6667
labour_10,minilm,para_300,5,labour,routine,0.4,0.0,0.0,0.4
postnatal_01,minilm,para_300,1,postnatal,urgent,0.0,0.0,0.0,0.0
postnatal_01,minilm,para_300,3,postnatal,urgent,0.3333,0.0,0.0,0.3333
postnatal_01,minilm,para_300,5,postnatal,urgent,0.4,0.0,0.0,0.4
postnatal_02,minilm,para_300,1,postnatal,urgent,1.0,0.0,0.0,1.0
postnatal_02,minilm,para_300,3,postnatal,urgent,1.0,0.0,0.3333,1.0
postnatal_02,minilm,para_300,5,postnatal,urgent,0.6,0.0,0.2,0.6
postnatal_03,minilm,para_300,1,postnatal,urgent,0.0,0.0,0.0,0.0
postnatal_03,minilm,para_300,3,postnatal,urgent,0.0,0.0,0.0,0.0
postnatal_03,minilm,para_300,5,postnatal,urgent,0.0,0.0,0.0,0.0
postnatal_04,minilm,para_300,1,postnatal,urgent,1.0,0.0,0.0,1.0
postnatal_04,minilm,para_300,3,postnatal,urgent,0.6667,0.0,0.0,0.6667
postnatal_04,minilm,para_300,5,postnatal,urgent,0.6,0.0,0.0,0.6
postnatal_05,minilm,para_300,1,postnatal,urgent,0.0,0.0,0.0,0.0
postnatal_05,minilm,para_300,3,postnatal,urgent,0.0,0.0,0.0,0.0
postnatal_05,minilm,para_300,5,postnatal,urgent,0.2,0.0,0.0,0.2
postnatal_06,minilm,para_300,1,postnatal,urgent,0.0,0.0,0.0,0.0
postnatal_06,minilm,para_300,3,postnatal,urgent,0.0,0.0,0.0,0.0
postnatal_06,minilm,para_300,5,postnatal,urgent,0.0,0.0,0.0,0.0
postnatal_07,minilm,para_300,1,postnatal,urgent,0.0,0.0,0.0,0.0
postnatal_07,minilm,para_300,3,postnatal,urgent,0.0,0.0,0.0,0.0
postnatal_07,minilm,para_300,5,postnatal,urgent,0.2,0.0,0.0,0.2
postnatal_08,minilm,para_300,1,postnatal,urgent,0.0,0.0,0.0,0.0
postnatal_08,minilm,para_300,3,postnatal,urgent,0.3333,0.0,0.0,0.3333
postnatal_08,minilm,para_300,5,postnatal,urgent,0.2,0.0,0.0,0.2
postnatal_09,minilm,para_300,1,postnatal,routine,1.0,0.0,0.0,1.0
postnatal_09,minilm,para_300,3,postnatal,routine,0.3333,0.0,0.0,0.3333
postnatal_09,minilm,para_300,5,postnatal,routine,0.2,0.0,0.0,0.2
postnatal_10,minilm,para_300,1,postnatal,routine,1.0,0.0,0.0,1.0
postnatal_10,minilm,para_300,3,postnatal,routine,0.6667,0.0,0.0,0.6667
postnatal_10,minilm,para_300,5,postnatal,routine,0.6,0.0,0.0,0.6
pph_01,minilm,para_500,1,pph,urgent,0.0,0.0,0.0,0.0
pph_01,minilm,para_500,3,pph,urgent,0.0,0.0,0.0,0.0
pph_01,minilm,para_500,5,pph,urgent,0.0,0.0,0.0,0.0
pph_02,minilm,para_500,1,pph,urgent,0.0,0.0,0.0,0.0
pph_02,minilm,para_500,3,pph,urgent,0.0,0.0,0.0,0.0
pph_02,minilm,para_500,5,pph,urgent,0.2,0.0,0.0,0.2
pph_03,minilm,para_500,1,pph,urgent,1.0,0.0,0.0,1.0
pph_03,minilm,para_500,3,pph,urgent,0.6667,0.0,0.0,0.6667
pph_03,minilm,para_500,5,pph,urgent,0.6,0.0,0.0,0.6
pph_04,minilm,para_500,1,pph,urgent,0.0,0.0,0.0,0.0
pph_04,minilm,para_500,3,pph,urgent,0.0,0.0,0.0,0.0
pph_04,minilm,para_500,5,pph,urgent,0.2,0.0,0.0,0.2
pph_05,minilm,para_500,1,pph,urgent,0.0,0.0,0.0,0.0
pph_05,minilm,para_500,3,pph,urgent,0.0,0.0,0.0,0.0
pph_05,minilm,para_500,5,pph,urgent,0.2,0.0,0.0,0.2
pph_06,minilm,para_500,1,pph,urgent,0.0,0.0,0.0,0.0
pph_06,minilm,para_500,3,pph,urgent,0.0,0.0,0.0,0.0
pph_06,minilm,para_500,5,pph,urgent,0.0,0.0,0.0,0.0
pph_07,minilm,para_500,1,pph,urgent,0.0,0.0,0.0,0.0
pph_07,minilm,para_500,3,pph,urgent,0.6667,0.3333,0.0,0.3333
pph_07,minilm,para_500,5,pph,urgent,0.4,0.2,0.0,0.2
pph_08,minilm,para_500,1,pph,urgent,0.0,0.0,0.0,0.0
pph_08,minilm,para_500,3,pph,urgent,0.0,0.0,0.0,0.0
pph_08,minilm,para_500,5,pph,urgent,0.0,0.0,0.0,0.0
pph_09,minilm,para_500,1,pph,routine,1.0,0.0,0.0,1.0
pph_09,minilm,para_500,3,pph,routine,0.6667,0.0,0.0,0.6667
pph_09,minilm,para_500,5,pph,routine,0.8,0.0,0.0,0.8
pph_10,minilm,para_500,1,pph,routine,1.0,0.0,0.0,1.0
pph_10,minilm,para_500,3,pph,routine,0.6667,0.0,0.0,0.6667
pph_10,minilm,para_500,5,pph,routine,0.6,0.0,0.0,0.6
hypertension_01,minilm,para_500,1,hypertension,urgent,1.0,0.0,0.0,1.0
hypertension_01,minilm,para_500,3,hypertension,urgent,1.0,0.3333,0.0,0.6667
hypertension_01,minilm,para_500,5,hypertension,urgent,1.0,0.2,0.0,0.8
hypertension_02,minilm,para_500,1,hypertension,urgent,1.0,0.0,0.0,1.0
hypertension_02,minilm,para_500,3,hypertension,urgent,1.0,0.0,0.0,1.0
hypertension_02,minilm,para_500,5,hypertension,urgent,0.8,0.0,0.0,0.8
hypertension_03,minilm,para_500,1,hypertension,urgent,1.0,1.0,0.0,0.0
hypertension_03,minilm,para_500,3,hypertension,urgent,1.0,0.3333,0.0,0.6667
hypertension_03,minilm,para_500,5,hypertension,urgent,1.0,0.2,0.0,0.8
hypertension_04,minilm,para_500,1,hypertension,urgent,1.0,1.0,0.0,0.0
hypertension_04,minilm,para_500,3,hypertension,urgent,1.0,0.3333,0.0,0.6667
hypertension_04,minilm,para_500,5,hypertension,urgent,1.0,0.2,0.0,0.8
hypertension_05,minilm,para_500,1,hypertension,urgent,1.0,0.0,0.0,1.0
hypertension_05,minilm,para_500,3,hypertension,urgent,1.0,0.0,0.3333,1.0
hypertension_05,minilm,para_500,5,hypertension,urgent,1.0,0.0,0.2,1.0
hypertension_06,minilm,para_500,1,hypertension,urgent,0.0,0.0,0.0,0.0
hypertension_06,minilm,para_500,3,hypertension,urgent,0.3333,0.0,0.0,0.3333
hypertension_06,minilm,para_500,5,hypertension,urgent,0.4,0.0,0.0,0.4
hypertension_07,minilm,para_500,1,hypertension,urgent,0.0,0.0,0.0,0.0
hypertension_07,minilm,para_500,3,hypertension,urgent,0.6667,0.3333,0.0,0.3333
hypertension_07,minilm,para_500,5,hypertension,urgent,0.4,0.2,0.0,0.2
hypertension_08,minilm,para_500,1,hypertension,urgent,1.0,0.0,0.0,1.0
hypertension_08,minilm,para_500,3,hypertension,urgent,0.6667,0.3333,0.0,0.3333
hypertension_08,minilm,para_500,5,hypertension,urgent,0.4,0.2,0.0,0.2
hypertension_09,minilm,para_500,1,hypertension,routine,1.0,0.0,0.0,1.0
hypertension_09,minilm,para_500,3,hypertension,routine,1.0,0.0,0.0,1.0
hypertension_09,minilm,para_500,5,hypertension,routine,1.0,0.0,0.0,1.0
hypertension_10,minilm,para_500,1,hypertension,routine,1.0,0.0,0.0,1.0
hypertension_10,minilm,para_500,3,hypertension,routine,1.0,0.0,0.0,1.0
hypertension_10,minilm,para_500,5,hypertension,routine,0.8,0.0,0.0,0.8
labour_01,minilm,para_500,1,labour,urgent,1.0,1.0,0.0,0.0
labour_01,minilm,para_500,3,labour,urgent,1.0,0.6667,0.3333,0.3333
labour_01,minilm,para_500,5,labour,urgent,1.0,0.4,0.2,0.6
labour_02,minilm,para_500,1,labour,urgent,0.0,0.0,0.0,0.0
labour_02,minilm,para_500,3,labour,urgent,0.6667,0.0,0.0,0.6667
labour_02,minilm,para_500,5,labour,urgent,0.8,0.2,0.2,0.6
labour_03,minilm,para_500,1,labour,urgent,1.0,1.0,0.0,0.0
labour_03,minilm,para_500,3,labour,urgent,1.0,0.3333,0.3333,0.6667
labour_03,minilm,para_500,5,labour,urgent,1.0,0.2,0.2,0.8
labour_04,minilm,para_500,1,labour,urgent,1.0,0.0,0.0,1.0
labour_04,minilm,para_500,3,labour,urgent,1.0,0.3333,0.3333,0.6667
labour_04,minilm,para_500,5,labour,urgent,1.0,0.2,0.2,0.8
labour_05,minilm,para_500,1,labour,urgent,1.0,0.0,0.0,1.0
labour_05,minilm,para_500,3,labour,urgent,0.3333,0.0,0.0,0.3333
labour_05,minilm,para_500,5,labour,urgent,0.6,0.2,0.0,0.4
labour_06,minilm,para_500,1,labour,urgent,0.0,0.0,0.0,0.0
labour_06,minilm,para_500,3,labour,urgent,0.0,0.0,0.0,0.0
labour_06,minilm,para_500,5,labour,urgent,0.0,0.0,0.0,0.0
labour_07,minilm,para_500,1,labour,urgent,1.0,0.0,1.0,1.0
labour_07,minilm,para_500,3,labour,urgent,1.0,0.0,0.3333,1.0
labour_07,minilm,para_500,5,labour,urgent,0.8,0.0,0.2,0.8
labour_08,minilm,para_500,1,labour,urgent,1.0,0.0,0.0,1.0
labour_08,minilm,para_500,3,labour,urgent,1.0,0.0,0.3333,1.0
labour_08,minilm,para_500,5,labour,urgent,0.8,0.0,0.2,0.8
labour_09,minilm,para_500,1,labour,routine,1.0,1.0,0.0,0.0
labour_09,minilm,para_500,3,labour,routine,0.6667,0.3333,0.0,0.3333
labour_09,minilm,para_500,5,labour,routine,0.8,0.2,0.0,0.6
labour_10,minilm,para_500,1,labour,routine,1.0,0.0,0.0,1.0
labour_10,minilm,para_500,3,labour,routine,0.6667,0.0,0.0,0.6667
labour_10,minilm,para_500,5,labour,routine,0.8,0.0,0.0,0.8
postnatal_01,minilm,para_500,1,postnatal,urgent,1.0,0.0,0.0,1.0
postnatal_01,minilm,para_500,3,postnatal,urgent,0.6667,0.0,0.0,0.6667
postnatal_01,minilm,para_500,5,postnatal,urgent,0.6,0.2,0.0,0.4
postnatal_02,minilm,para_500,1,postnatal,urgent,1.0,0.0,1.0,1.0
postnatal_02,minilm,para_500,3,postnatal,urgent,0.6667,0.0,0.3333,0.6667
postnatal_02,minilm,para_500,5,postnatal,urgent,0.6,0.0,0.2,0.6
postnatal_03,minilm,para_500,1,postnatal,urgent,0.0,0.0,0.0,0.0
postnatal_03,minilm,para_500,3,postnatal,urgent,0.0,0.0,0.0,0.0
postnatal_03,minilm,para_500,5,postnatal,urgent,0.0,0.0,0.0,0.0
postnatal_04,minilm,para_500,1,postnatal,urgent,1.0,0.0,0.0,1.0
postnatal_04,minilm,para_500,3,postnatal,urgent,0.6667,0.0,0.0,0.6667
postnatal_04,minilm,para_500,5,postnatal,urgent,0.8,0.0,0.2,0.8
postnatal_05,minilm,para_500,1,postnatal,urgent,0.0,0.0,0.0,0.0
postnatal_05,minilm,para_500,3,postnatal,urgent,0.0,0.0,0.0,0.0
postnatal_05,minilm,para_500,5,postnatal,urgent,0.0,0.0,0.0,0.0
postnatal_06,minilm,para_500,1,postnatal,urgent,0.0,0.0,0.0,0.0
postnatal_06,minilm,para_500,3,postnatal,urgent,0.0,0.0,0.0,0.0
postnatal_06,minilm,para_500,5,postnatal,urgent,0.2,0.0,0.0,0.2
postnatal_07,minilm,para_500,1,postnatal,urgent,0.0,0.0,0.0,0.0
postnatal_07,minilm,para_500,3,postnatal,urgent,0.3333,0.0,0.0,0.3333
postnatal_07,minilm,para_500,5,postnatal,urgent,0.4,0.0,0.2,0.4
postnatal_08,minilm,para_500,1,postnatal,urgent,0.0,0.0,0.0,0.0
postnatal_08,minilm,para_500,3,postnatal,urgent,0.3333,0.0,0.0,0.3333
postnatal_08,minilm,para_500,5,postnatal,urgent,0.2,0.0,0.0,0.2
postnatal_09,minilm,para_500,1,postnatal,routine,1.0,1.0,0.0,0.0
postnatal_09,minilm,para_500,3,postnatal,routine,0.6667,0.3333,0.0,0.3333
postnatal_09,minilm,para_500,5,postnatal,routine,0.4,0.2,0.0,0.2
postnatal_10,minilm,para_500,1,postnatal,routine,1.0,1.0,0.0,0.0
postnatal_10,minilm,para_500,3,postnatal,routine,0.6667,0.3333,0.0,0.3333
postnatal_10,minilm,para_500,5,postnatal,routine,0.6,0.2,0.0,0.4
pph_01,minilm,para_800,1,pph,urgent,0.0,0.0,0.0,0.0
pph_01,minilm,para_800,3,pph,urgent,0.3333,0.0,0.0,0.3333
pph_01,minilm,para_800,5,pph,urgent,0.2,0.0,0.0,0.2
pph_02,minilm,para_800,1,pph,urgent,0.0,0.0,0.0,0.0
pph_02,minilm,para_800,3,pph,urgent,0.0,0.0,0.0,0.0
pph_02,minilm,para_800,5,pph,urgent,0.0,0.0,0.0,0.0
pph_03,minilm,para_800,1,pph,urgent,1.0,0.0,0.0,1.0
pph_03,minilm,para_800,3,pph,urgent,0.3333,0.0,0.0,0.3333
pph_03,minilm,para_800,5,pph,urgent,0.4,0.2,0.0,0.2
pph_04,minilm,para_800,1,pph,urgent,0.0,0.0,0.0,0.0
pph_04,minilm,para_800,3,pph,urgent,0.3333,0.0,0.3333,0.3333
pph_04,minilm,para_800,5,pph,urgent,0.4,0.0,0.2,0.4
pph_05,minilm,para_800,1,pph,urgent,0.0,0.0,0.0,0.0
pph_05,minilm,para_800,3,pph,urgent,0.3333,0.0,0.0,0.3333
pph_05,minilm,para_800,5,pph,urgent,0.2,0.0,0.0,0.2
pph_06,minilm,para_800,1,pph,urgent,1.0,0.0,0.0,1.0
pph_06,minilm,para_800,3,pph,urgent,0.3333,0.0,0.0,0.3333
pph_06,minilm,para_800,5,pph,urgent,0.4,0.0,0.0,0.4
pph_07,minilm,para_800,1,pph,urgent,1.0,1.0,0.0,0.0
pph_07,minilm,para_800,3,pph,urgent,0.6667,0.3333,0.0,0.3333
pph_07,minilm,para_800,5,pph,urgent,0.6,0.2,0.0,0.4
pph_08,minilm,para_800,1,pph,urgent,0.0,0.0,0.0,0.0
pph_08,minilm,para_800,3,pph,urgent,0.0,0.0,0.0,0.0
pph_08,minilm,para_800,5,pph,urgent,0.0,0.0,0.0,0.0
pph_09,minilm,para_800,1,pph,routine,1.0,0.0,0.0,1.0
pph_09,minilm,para_800,3,pph,routine,1.0,0.0,0.0,1.0
pph_09,minilm,para_800,5,pph,routine,0.8,0.0,0.0,0.8
pph_10,minilm,para_800,1,pph,routine,1.0,0.0,0.0,1.0
pph_10,minilm,para_800,3,pph,routine,1.0,0.0,0.0,1.0
pph_10,minilm,para_800,5,pph,routine,0.8,0.0,0.0,0.8
hypertension_01,minilm,para_800,1,hypertension,urgent,1.0,0.0,0.0,1.0
hypertension_01,minilm,para_800,3,hypertension,urgent,1.0,0.0,0.3333,1.0
hypertension_01,minilm,para_800,5,hypertension,urgent,1.0,0.0,0.2,1.0
hypertension_02,minilm,para_800,1,hypertension,urgent,1.0,0.0,0.0,1.0
hypertension_02,minilm,para_800,3,hypertension,urgent,0.6667,0.0,0.0,0.6667
hypertension_02,minilm,para_800,5,hypertension,urgent,0.8,0.0,0.0,0.8
hypertension_03,minilm,para_800,1,hypertension,urgent,1.0,0.0,0.0,1.0
hypertension_03,minilm,para_800,3,hypertension,urgent,1.0,0.0,0.0,1.0
hypertension_03,minilm,para_800,5,hypertension,urgent,1.0,0.0,0.0,1.0
hypertension_04,minilm,para_800,1,hypertension,urgent,1.0,0.0,0.0,1.0
hypertension_04,minilm,para_800,3,hypertension,urgent,1.0,0.0,0.3333,1.0
hypertension_04,minilm,para_800,5,hypertension,urgent,0.8,0.2,0.2,0.6
hypertension_05,minilm,para_800,1,hypertension,urgent,1.0,0.0,1.0,1.0
hypertension_05,minilm,para_800,3,hypertension,urgent,1.0,0.0,0.3333,1.0
hypertension_05,minilm,para_800,5,hypertension,urgent,1.0,0.0,0.2,1.0
hypertension_06,minilm,para_800,1,hypertension,urgent,0.0,0.0,0.0,0.0
hypertension_06,minilm,para_800,3,hypertension,urgent,0.0,0.0,0.0,0.0
hypertension_06,minilm,para_800,5,hypertension,urgent,0.0,0.0,0.0,0.0
hypertension_07,minilm,para_800,1,hypertension,urgent,0.0,0.0,0.0,0.0
hypertension_07,minilm,para_800,3,hypertension,urgent,0.6667,0.3333,0.0,0.3333
hypertension_07,minilm,para_800,5,hypertension,urgent,0.6,0.2,0.0,0.4
hypertension_08,minilm,para_800,1,hypertension,urgent,0.0,0.0,0.0,0.0
hypertension_08,minilm,para_800,3,hypertension,urgent,0.3333,0.0,0.0,0.3333
hypertension_08,minilm,para_800,5,hypertension,urgent,0.2,0.0,0.0,0.2
hypertension_09,minilm,para_800,1,hypertension,routine,1.0,0.0,0.0,1.0
hypertension_09,minilm,para_800,3,hypertension,routine,1.0,0.0,0.0,1.0
hypertension_09,minilm,para_800,5,hypertension,routine,1.0,0.0,0.0,1.0
hypertension_10,minilm,para_800,1,hypertension,routine,1.0,0.0,0.0,1.0
hypertension_10,minilm,para_800,3,hypertension,routine,1.0,0.0,0.0,1.0
hypertension_10,minilm,para_800,5,hypertension,routine,0.8,0.0,0.0,0.8
labour_01,minilm,para_800,1,labour,urgent,1.0,0.0,1.0,1.0
labour_01,minilm,para_800,3,labour,urgent,1.0,0.3333,0.3333,0.6667
labour_01,minilm,para_800,5,labour,urgent,1.0,0.2,0.2,0.8
labour_02,minilm,para_800,1,labour,urgent,1.0,0.0,1.0,1.0
labour_02,minilm,para_800,3,labour,urgent,0.6667,0.0,0.3333,0.6667
labour_02,minilm,para_800,5,labour,urgent,0.6,0.0,0.2,0.6
labour_03,minilm,para_800,1,labour,urgent,1.0,1.0,0.0,0.0
labour_03,minilm,para_800,3,labour,urgent,1.0,0.3333,0.3333,0.6667
labour_03,minilm,para_800,5,labour,urgent,1.0,0.2,0.2,0.8
labour_04,minilm,para_800,1,labour,urgent,1.0,0.0,1.0,1.0
labour_04,minilm,para_800,3,labour,urgent,1.0,0.3333,0.3333,0.6667
labour_04,minilm,para_800,5,labour,urgent,1.0,0.2,0.2,0.8
labour_05,minilm,para_800,1,labour,urgent,1.0,0.0,0.0,1.0
labour_05,minilm,para_800,3,labour,urgent,0.6667,0.0,0.0,0.6667
labour_05,minilm,para_800,5,labour,urgent,0.4,0.0,0.0,0.4
labour_06,minilm,para_800,1,labour,urgent,1.0,0.0,0.0,1.0
labour_06,minilm,para_800,3,labour,urgent,0.6667,0.0,0.0,0.6667
labour_06,minilm,para_800,5,labour,urgent,0.6,0.2,0.0,0.4
labour_07,minilm,para_800,1,labour,urgent,1.0,0.0,1.0,1.0
labour_07,minilm,para_800,3,labour,urgent,1.0,0.0,0.3333,1.0
labour_07,minilm,para_800,5,labour,urgent,0.8,0.0,0.2,0.8
labour_08,minilm,para_800,1,labour,urgent,1.0,0.0,1.0,1.0
labour_08,minilm,para_800,3,labour,urgent,1.0,0.0,0.3333,1.0
labour_08,minilm,para_800,5,labour,urgent,0.8,0.0,0.2,0.8
labour_09,minilm,para_800,1,labour,routine,1.0,1.0,0.0,0.0
labour_09,minilm,para_800,3,labour,routine,0.6667,0.3333,0.0,0.3333
labour_09,minilm,para_800,5,labour,routine,0.8,0.2,0.0,0.6
labour_10,minilm,para_800,1,labour,routine,1.0,1.0,0.0,0.0
labour_10,minilm,para_800,3,labour,routine,0.3333,0.3333,0.0,0.0
labour_10,minilm,para_800,5,labour,routine,0.6,0.2,0.0,0.4
postnatal_01,minilm,para_800,1,postnatal,urgent,1.0,0.0,0.0,1.0
postnatal_01,minilm,para_800,3,postnatal,urgent,0.6667,0.0,0.0,0.6667
postnatal_01,minilm,para_800,5,postnatal,urgent,0.6,0.0,0.0,0.6
postnatal_02,minilm,para_800,1,postnatal,urgent,0.0,0.0,0.0,0.0
postnatal_02,minilm,para_800,3,postnatal,urgent,0.6667,0.0,0.3333,0.6667
postnatal_02,minilm,para_800,5,postnatal,urgent,0.8,0.0,0.2,0.8
postnatal_03,minilm,para_800,1,postnatal,urgent,0.0,0.0,0.0,0.0
postnatal_03,minilm,para_800,3,postnatal,urgent,0.0,0.0,0.0,0.0
postnatal_03,minilm,para_800,5,postnatal,urgent,0.0,0.0,0.0,0.0
postnatal_04,minilm,para_800,1,postnatal,urgent,0.0,0.0,0.0,0.0
postnatal_04,minilm,para_800,3,postnatal,urgent,0.3333,0.0,0.0,0.3333
postnatal_04,minilm,para_800,5,postnatal,urgent,0.4,0.0,0.0,0.4
postnatal_05,minilm,para_800,1,postnatal,urgent,0.0,0.0,0.0,0.0
postnatal_05,minilm,para_800,3,postnatal,urgent,0.0,0.0,0.0,0.0
postnatal_05,minilm,para_800,5,postnatal,urgent,0.0,0.0,0.0,0.0
postnatal_06,minilm,para_800,1,postnatal,urgent,0.0,0.0,0.0,0.0
postnatal_06,minilm,para_800,3,postnatal,urgent,0.0,0.0,0.0,0.0
postnatal_06,minilm,para_800,5,postnatal,urgent,0.0,0.0,0.0,0.0
postnatal_07,minilm,para_800,1,postnatal,urgent,0.0,0.0,0.0,0.0
postnatal_07,minilm,para_800,3,postnatal,urgent,0.3333,0.0,0.0,0.3333
postnatal_07,minilm,para_800,5,postnatal,urgent,0.6,0.0,0.0,0.6
postnatal_08,minilm,para_800,1,postnatal,urgent,0.0,0.0,0.0,0.0
postnatal_08,minilm,para_800,3,postnatal,urgent,0.3333,0.0,0.0,0.3333
postnatal_08,minilm,para_800,5,postnatal,urgent,0.2,0.0,0.0,0.2
postnatal_09,minilm,para_800,1,postnatal,routine,1.0,0.0,0.0,1.0
postnatal_09,minilm,para_800,3,postnatal,routine,0.3333,0.0,0.0,0.3333
postnatal_09,minilm,para_800,5,postnatal,routine,0.4,0.0,0.0,0.4
postnatal_10,minilm,para_800,1,postnatal,routine,0.0,0.0,0.0,0.0
postnatal_10,minilm,para_800,3,postnatal,routine,0.6667,0.0,0.0,0.6667
postnatal_10,minilm,para_800,5,postnatal,routine,0.8,0.0,0.0,0.8
pph_01,pubmedbert-msmarco,fixed_300,1,pph,urgent,0.0,0.0,0.0,0.0
pph_01,pubmedbert-msmarco,fixed_300,3,pph,urgent,0.3333,0.0,0.0,0.3333
pph_01,pubmedbert-msmarco,fixed_300,5,pph,urgent,0.2,0.0,0.0,0.2
pph_02,pubmedbert-msmarco,fixed_300,1,pph,urgent,0.0,0.0,0.0,0.0
pph_02,pubmedbert-msmarco,fixed_300,3,pph,urgent,0.0,0.0,0.0,0.0
pph_02,pubmedbert-msmarco,fixed_300,5,pph,urgent,0.0,0.0,0.0,0.0
pph_03,pubmedbert-msmarco,fixed_300,1,pph,urgent,1.0,0.0,0.0,1.0
pph_03,pubmedbert-msmarco,fixed_300,3,pph,urgent,0.6667,0.0,0.0,0.6667
pph_03,pubmedbert-msmarco,fixed_300,5,pph,urgent,0.6,0.0,0.0,0.6
pph_04,pubmedbert-msmarco,fixed_300,1,pph,urgent,1.0,0.0,0.0,1.0
pph_04,pubmedbert-msmarco,fixed_300,3,pph,urgent,0.6667,0.0,0.0,0.6667
pph_04,pubmedbert-msmarco,fixed_300,5,pph,urgent,0.4,0.0,0.0,0.4
pph_05,pubmedbert-msmarco,fixed_300,1,pph,urgent,1.0,0.0,0.0,1.0
pph_05,pubmedbert-msmarco,fixed_300,3,pph,urgent,0.6667,0.0,0.0,0.6667
pph_05,pubmedbert-msmarco,fixed_300,5,pph,urgent,0.6,0.0,0.0,0.6
pph_06,pubmedbert-msmarco,fixed_300,1,pph,urgent,0.0,0.0,0.0,0.0
pph_06,pubmedbert-msmarco,fixed_300,3,pph,urgent,0.0,0.0,0.0,0.0
pph_06,pubmedbert-msmarco,fixed_300,5,pph,urgent,0.0,0.0,0.0,0.0
pph_07,pubmedbert-msmarco,fixed_300,1,pph,urgent,1.0,0.0,0.0,1.0
pph_07,pubmedbert-msmarco,fixed_300,3,pph,urgent,0.6667,0.0,0.0,0.6667
pph_07,pubmedbert-msmarco,fixed_300,5,pph,urgent,0.4,0.0,0.0,0.4
pph_08,pubmedbert-msmarco,fixed_300,1,pph,urgent,0.0,0.0,0.0,0.0
pph_08,pubmedbert-msmarco,fixed_300,3,pph,urgent,0.0,0.0,0.0,0.0
pph_08,pubmedbert-msmarco,fixed_300,5,pph,urgent,0.0,0.0,0.0,0.0
pph_09,pubmedbert-msmarco,fixed_300,1,pph,routine,1.0,0.0,0.0,1.0
pph_09,pubmedbert-msmarco,fixed_300,3,pph,routine,0.3333,0.0,0.0,0.3333
pph_09,pubmedbert-msmarco,fixed_300,5,pph,routine,0.4,0.0,0.0,0.4
pph_10,pubmedbert-msmarco,fixed_300,1,pph,routine,0.0,0.0,0.0,0.0
pph_10,pubmedbert-msmarco,fixed_300,3,pph,routine,0.3333,0.0,0.0,0.3333
pph_10,pubmedbert-msmarco,fixed_300,5,pph,routine,0.2,0.0,0.0,0.2
hypertension_01,pubmedbert-msmarco,fixed_300,1,hypertension,urgent,1.0,0.0,0.0,1.0
hypertension_01,pubmedbert-msmarco,fixed_300,3,hypertension,urgent,0.6667,0.3333,0.0,0.3333
hypertension_01,pubmedbert-msmarco,fixed_300,5,hypertension,urgent,0.8,0.2,0.0,0.6
hypertension_02,pubmedbert-msmarco,fixed_300,1,hypertension,urgent,1.0,0.0,0.0,1.0
hypertension_02,pubmedbert-msmarco,fixed_300,3,hypertension,urgent,1.0,0.3333,0.0,0.6667
hypertension_02,pubmedbert-msmarco,fixed_300,5,hypertension,urgent,0.8,0.2,0.0,0.6
hypertension_03,pubmedbert-msmarco,fixed_300,1,hypertension,urgent,1.0,1.0,0.0,0.0
hypertension_03,pubmedbert-msmarco,fixed_300,3,hypertension,urgent,0.6667,0.3333,0.0,0.3333
hypertension_03,pubmedbert-msmarco,fixed_300,5,hypertension,urgent,0.8,0.2,0.0,0.6
hypertension_04,pubmedbert-msmarco,fixed_300,1,hypertension,urgent,1.0,1.0,0.0,0.0
hypertension_04,pubmedbert-msmarco,fixed_300,3,hypertension,urgent,1.0,0.3333,0.0,0.6667
hypertension_04,pubmedbert-msmarco,fixed_300,5,hypertension,urgent,1.0,0.2,0.0,0.8
hypertension_05,pubmedbert-msmarco,fixed_300,1,hypertension,urgent,1.0,0.0,0.0,1.0
hypertension_05,pubmedbert-msmarco,fixed_300,3,hypertension,urgent,0.6667,0.3333,0.0,0.3333
hypertension_05,pubmedbert-msmarco,fixed_300,5,hypertension,urgent,0.8,0.2,0.0,0.6
hypertension_06,pubmedbert-msmarco,fixed_300,1,hypertension,urgent,0.0,0.0,0.0,0.0
hypertension_06,pubmedbert-msmarco,fixed_300,3,hypertension,urgent,0.6667,0.3333,0.0,0.3333
hypertension_06,pubmedbert-msmarco,fixed_300,5,hypertension,urgent,0.4,0.2,0.0,0.2
hypertension_07,pubmedbert-msmarco,fixed_300,1,hypertension,urgent,0.0,0.0,0.0,0.0
hypertension_07,pubmedbert-msmarco,fixed_300,3,hypertension,urgent,0.0,0.0,0.0,0.0
hypertension_07,pubmedbert-msmarco,fixed_300,5,hypertension,urgent,0.2,0.0,0.0,0.2
hypertension_08,pubmedbert-msmarco,fixed_300,1,hypertension,urgent,0.0,0.0,0.0,0.0
hypertension_08,pubmedbert-msmarco,fixed_300,3,hypertension,urgent,0.0,0.0,0.0,0.0
hypertension_08,pubmedbert-msmarco,fixed_300,5,hypertension,urgent,0.0,0.0,0.0,0.0
hypertension_09,pubmedbert-msmarco,fixed_300,1,hypertension,routine,1.0,1.0,0.0,0.0
hypertension_09,pubmedbert-msmarco,fixed_300,3,hypertension,routine,0.6667,0.3333,0.0,0.3333
hypertension_09,pubmedbert-msmarco,fixed_300,5,hypertension,routine,0.8,0.2,0.0,0.6
hypertension_10,pubmedbert-msmarco,fixed_300,1,hypertension,routine,0.0,0.0,0.0,0.0
hypertension_10,pubmedbert-msmarco,fixed_300,3,hypertension,routine,0.3333,0.3333,0.0,0.0
hypertension_10,pubmedbert-msmarco,fixed_300,5,hypertension,routine,0.2,0.2,0.0,0.0
labour_01,pubmedbert-msmarco,fixed_300,1,labour,urgent,1.0,0.0,0.0,1.0
labour_01,pubmedbert-msmarco,fixed_300,3,labour,urgent,1.0,0.0,0.0,1.0
labour_01,pubmedbert-msmarco,fixed_300,5,labour,urgent,1.0,0.0,0.0,1.0
labour_02,pubmedbert-msmarco,fixed_300,1,labour,urgent,0.0,0.0,0.0,0.0
labour_02,pubmedbert-msmarco,fixed_300,3,labour,urgent,0.0,0.0,0.0,0.0
labour_02,pubmedbert-msmarco,fixed_300,5,labour,urgent,0.0,0.0,0.0,0.0
labour_03,pubmedbert-msmarco,fixed_300,1,labour,urgent,1.0,0.0,0.0,1.0
labour_03,pubmedbert-msmarco,fixed_300,3,labour,urgent,1.0,0.0,0.0,1.0
labour_03,pubmedbert-msmarco,fixed_300,5,labour,urgent,0.8,0.0,0.0,0.8
labour_04,pubmedbert-msmarco,fixed_300,1,labour,urgent,1.0,0.0,0.0,1.0
labour_04,pubmedbert-msmarco,fixed_300,3,labour,urgent,1.0,0.0,0.0,1.0
labour_04,pubmedbert-msmarco,fixed_300,5,labour,urgent,0.8,0.0,0.2,0.8
labour_05,pubmedbert-msmarco,fixed_300,1,labour,urgent,0.0,0.0,0.0,0.0
labour_05,pubmedbert-msmarco,fixed_300,3,labour,urgent,0.0,0.0,0.0,0.0
labour_05,pubmedbert-msmarco,fixed_300,5,labour,urgent,0.0,0.0,0.0,0.0
labour_06,pubmedbert-msmarco,fixed_300,1,labour,urgent,0.0,0.0,0.0,0.0
labour_06,pubmedbert-msmarco,fixed_300,3,labour,urgent,0.3333,0.0,0.0,0.3333
labour_06,pubmedbert-msmarco,fixed_300,5,labour,urgent,0.2,0.0,0.0,0.2
labour_07,pubmedbert-msmarco,fixed_300,1,labour,urgent,0.0,0.0,0.0,0.0
labour_07,pubmedbert-msmarco,fixed_300,3,labour,urgent,0.3333,0.0,0.0,0.3333
labour_07,pubmedbert-msmarco,fixed_300,5,labour,urgent,0.2,0.0,0.0,0.2
labour_08,pubmedbert-msmarco,fixed_300,1,labour,urgent,1.0,0.0,1.0,1.0
labour_08,pubmedbert-msmarco,fixed_300,3,labour,urgent,0.6667,0.0,0.3333,0.6667
labour_08,pubmedbert-msmarco,fixed_300,5,labour,urgent,0.8,0.0,0.2,0.8
labour_09,pubmedbert-msmarco,fixed_300,1,labour,routine,1.0,1.0,0.0,0.0
labour_09,pubmedbert-msmarco,fixed_300,3,labour,routine,0.6667,0.3333,0.0,0.3333
labour_09,pubmedbert-msmarco,fixed_300,5,labour,routine,0.6,0.2,0.0,0.4
labour_10,pubmedbert-msmarco,fixed_300,1,labour,routine,1.0,0.0,0.0,1.0
labour_10,pubmedbert-msmarco,fixed_300,3,labour,routine,0.3333,0.0,0.0,0.3333
labour_10,pubmedbert-msmarco,fixed_300,5,labour,routine,0.4,0.0,0.0,0.4
postnatal_01,pubmedbert-msmarco,fixed_300,1,postnatal,urgent,0.0,0.0,0.0,0.0
postnatal_01,pubmedbert-msmarco,fixed_300,3,postnatal,urgent,0.6667,0.0,0.0,0.6667
postnatal_01,pubmedbert-msmarco,fixed_300,5,postnatal,urgent,0.6,0.0,0.0,0.6
postnatal_02,pubmedbert-msmarco,fixed_300,1,postnatal,urgent,1.0,0.0,0.0,1.0
postnatal_02,pubmedbert-msmarco,fixed_300,3,postnatal,urgent,1.0,0.0,0.0,1.0
postnatal_02,pubmedbert-msmarco,fixed_300,5,postnatal,urgent,0.8,0.0,0.0,0.8
postnatal_03,pubmedbert-msmarco,fixed_300,1,postnatal,urgent,1.0,0.0,0.0,1.0
postnatal_03,pubmedbert-msmarco,fixed_300,3,postnatal,urgent,0.6667,0.0,0.0,0.6667
postnatal_03,pubmedbert-msmarco,fixed_300,5,postnatal,urgent,0.8,0.0,0.0,0.8
postnatal_04,pubmedbert-msmarco,fixed_300,1,postnatal,urgent,0.0,0.0,0.0,0.0
postnatal_04,pubmedbert-msmarco,fixed_300,3,postnatal,urgent,0.0,0.0,0.0,0.0
postnatal_04,pubmedbert-msmarco,fixed_300,5,postnatal,urgent,0.0,0.0,0.0,0.0
postnatal_05,pubmedbert-msmarco,fixed_300,1,postnatal,urgent,0.0,0.0,0.0,0.0
postnatal_05,pubmedbert-msmarco,fixed_300,3,postnatal,urgent,0.6667,0.0,0.0,0.6667
postnatal_05,pubmedbert-msmarco,fixed_300,5,postnatal,urgent,0.4,0.0,0.0,0.4
postnatal_06,pubmedbert-msmarco,fixed_300,1,postnatal,urgent,0.0,0.0,0.0,0.0
postnatal_06,pubmedbert-msmarco,fixed_300,3,postnatal,urgent,0.0,0.0,0.0,0.0
postnatal_06,pubmedbert-msmarco,fixed_300,5,postnatal,urgent,0.0,0.0,0.0,0.0
postnatal_07,pubmedbert-msmarco,fixed_300,1,postnatal,urgent,0.0,0.0,0.0,0.0
postnatal_07,pubmedbert-msmarco,fixed_300,3,postnatal,urgent,0.3333,0.0,0.0,0.3333
postnatal_07,pubmedbert-msmarco,fixed_300,5,postnatal,urgent,0.4,0.0,0.0,0.4
postnatal_08,pubmedbert-msmarco,fixed_300,1,postnatal,urgent,0.0,0.0,0.0,0.0
postnatal_08,pubmedbert-msmarco,fixed_300,3,postnatal,urgent,0.3333,0.0,0.0,0.3333
postnatal_08,pubmedbert-msmarco,fixed_300,5,postnatal,urgent,0.2,0.0,0.0,0.2
postnatal_09,pubmedbert-msmarco,fixed_300,1,postnatal,routine,1.0,0.0,0.0,1.0
postnatal_09,pubmedbert-msmarco,fixed_300,3,postnatal,routine,0.3333,0.0,0.0,0.3333
postnatal_09,pubmedbert-msmarco,fixed_300,5,postnatal,routine,0.6,0.0,0.0,0.6
postnatal_10,pubmedbert-msmarco,fixed_300,1,postnatal,routine,1.0,0.0,0.0,1.0
postnatal_10,pubmedbert-msmarco,fixed_300,3,postnatal,routine,0.3333,0.0,0.0,0.3333
postnatal_10,pubmedbert-msmarco,fixed_300,5,postnatal,routine,0.2,0.0,0.0,0.2
pph_01,pubmedbert-msmarco,fixed_500,1,pph,urgent,0.0,0.0,0.0,0.0
pph_01,pubmedbert-msmarco,fixed_500,3,pph,urgent,0.0,0.0,0.0,0.0
pph_01,pubmedbert-msmarco,fixed_500,5,pph,urgent,0.0,0.0,0.0,0.0
pph_02,pubmedbert-msmarco,fixed_500,1,pph,urgent,0.0,0.0,0.0,0.0
pph_02,pubmedbert-msmarco,fixed_500,3,pph,urgent,0.0,0.0,0.0,0.0
pph_02,pubmedbert-msmarco,fixed_500,5,pph,urgent,0.0,0.0,0.0,0.0
pph_03,pubmedbert-msmarco,fixed_500,1,pph,urgent,1.0,0.0,1.0,1.0
pph_03,pubmedbert-msmarco,fixed_500,3,pph,urgent,0.3333,0.0,0.3333,0.3333
pph_03,pubmedbert-msmarco,fixed_500,5,pph,urgent,0.2,0.0,0.2,0.2
pph_04,pubmedbert-msmarco,fixed_500,1,pph,urgent,1.0,0.0,1.0,1.0
pph_04,pubmedbert-msmarco,fixed_500,3,pph,urgent,0.6667,0.0,0.3333,0.6667
pph_04,pubmedbert-msmarco,fixed_500,5,pph,urgent,0.4,0.0,0.2,0.4
pph_05,pubmedbert-msmarco,fixed_500,1,pph,urgent,1.0,0.0,0.0,1.0
pph_05,pubmedbert-msmarco,fixed_500,3,pph,urgent,0.6667,0.0,0.0,0.6667
pph_05,pubmedbert-msmarco,fixed_500,5,pph,urgent,0.4,0.0,0.0,0.4
pph_06,pubmedbert-msmarco,fixed_500,1,pph,urgent,0.0,0.0,0.0,0.0
pph_06,pubmedbert-msmarco,fixed_500,3,pph,urgent,0.0,0.0,0.0,0.0
pph_06,pubmedbert-msmarco,fixed_500,5,pph,urgent,0.0,0.0,0.0,0.0
pph_07,pubmedbert-msmarco,fixed_500,1,pph,urgent,1.0,0.0,1.0,1.0
pph_07,pubmedbert-msmarco,fixed_500,3,pph,urgent,0.6667,0.0,0.3333,0.6667
pph_07,pubmedbert-msmarco,fixed_500,5,pph,urgent,0.4,0.0,0.2,0.4
pph_08,pubmedbert-msmarco,fixed_500,1,pph,urgent,0.0,0.0,0.0,0.0
pph_08,pubmedbert-msmarco,fixed_500,3,pph,urgent,0.0,0.0,0.0,0.0
pph_08,pubmedbert-msmarco,fixed_500,5,pph,urgent,0.0,0.0,0.0,0.0
pph_09,pubmedbert-msmarco,fixed_500,1,pph,routine,1.0,1.0,0.0,0.0
pph_09,pubmedbert-msmarco,fixed_500,3,pph,routine,0.3333,0.3333,0.0,0.0
pph_09,pubmedbert-msmarco,fixed_500,5,pph,routine,0.4,0.2,0.0,0.2
pph_10,pubmedbert-msmarco,fixed_500,1,pph,routine,1.0,1.0,0.0,0.0
pph_10,pubmedbert-msmarco,fixed_500,3,pph,routine,0.3333,0.3333,0.0,0.0
pph_10,pubmedbert-msmarco,fixed_500,5,pph,routine,0.4,0.2,0.0,0.2
hypertension_01,pubmedbert-msmarco,fixed_500,1,hypertension,urgent,1.0,1.0,0.0,0.0
hypertension_01,pubmedbert-msmarco,fixed_500,3,hypertension,urgent,1.0,0.3333,0.3333,0.6667
hypertension_01,pubmedbert-msmarco,fixed_500,5,hypertension,urgent,0.8,0.2,0.2,0.6
hypertension_02,pubmedbert-msmarco,fixed_500,1,hypertension,urgent,1.0,1.0,0.0,0.0
hypertension_02,pubmedbert-msmarco,fixed_500,3,hypertension,urgent,1.0,0.3333,0.0,0.6667
hypertension_02,pubmedbert-msmarco,fixed_500,5,hypertension,urgent,1.0,0.2,0.2,0.8
hypertension_03,pubmedbert-msmarco,fixed_500,1,hypertension,urgent,1.0,1.0,0.0,0.0
hypertension_03,pubmedbert-msmarco,fixed_500,3,hypertension,urgent,0.3333,0.3333,0.0,0.0
hypertension_03,pubmedbert-msmarco,fixed_500,5,hypertension,urgent,0.4,0.4,0.0,0.0
hypertension_04,pubmedbert-msmarco,fixed_500,1,hypertension,urgent,1.0,1.0,0.0,0.0
hypertension_04,pubmedbert-msmarco,fixed_500,3,hypertension,urgent,0.6667,0.3333,0.0,0.3333
hypertension_04,pubmedbert-msmarco,fixed_500,5,hypertension,urgent,0.6,0.2,0.0,0.4
hypertension_05,pubmedbert-msmarco,fixed_500,1,hypertension,urgent,1.0,1.0,0.0,0.0
hypertension_05,pubmedbert-msmarco,fixed_500,3,hypertension,urgent,1.0,0.3333,0.0,0.6667
hypertension_05,pubmedbert-msmarco,fixed_500,5,hypertension,urgent,1.0,0.2,0.2,0.8
hypertension_06,pubmedbert-msmarco,fixed_500,1,hypertension,urgent,1.0,1.0,0.0,0.0
hypertension_06,pubmedbert-msmarco,fixed_500,3,hypertension,urgent,0.3333,0.3333,0.0,0.0
hypertension_06,pubmedbert-msmarco,fixed_500,5,hypertension,urgent,0.2,0.2,0.0,0.0
hypertension_07,pubmedbert-msmarco,fixed_500,1,hypertension,urgent,0.0,0.0,0.0,0.0
hypertension_07,pubmedbert-msmarco,fixed_500,3,hypertension,urgent,0.3333,0.0,0.0,0.3333
hypertension_07,pubmedbert-msmarco,fixed_500,5,hypertension,urgent,0.2,0.0,0.0,0.2
hypertension_08,pubmedbert-msmarco,fixed_500,1,hypertension,urgent,0.0,0.0,0.0,0.0
hypertension_08,pubmedbert-msmarco,fixed_500,3,hypertension,urgent,0.0,0.0,0.0,0.0
hypertension_08,pubmedbert-msmarco,fixed_500,5,hypertension,urgent,0.0,0.0,0.0,0.0
hypertension_09,pubmedbert-msmarco,fixed_500,1,hypertension,routine,1.0,0.0,0.0,1.0
hypertension_09,pubmedbert-msmarco,fixed_500,3,hypertension,routine,1.0,0.0,0.0,1.0
hypertension_09,pubmedbert-msmarco,fixed_500,5,hypertension,routine,1.0,0.0,0.0,1.0
hypertension_10,pubmedbert-msmarco,fixed_500,1,hypertension,routine,0.0,0.0,0.0,0.0
hypertension_10,pubmedbert-msmarco,fixed_500,3,hypertension,routine,0.3333,0.0,0.0,0.3333
hypertension_10,pubmedbert-msmarco,fixed_500,5,hypertension,routine,0.4,0.0,0.0,0.4
labour_01,pubmedbert-msmarco,fixed_500,1,labour,urgent,1.0,0.0,0.0,1.0
labour_01,pubmedbert-msmarco,fixed_500,3,labour,urgent,1.0,0.0,0.0,1.0
labour_01,pubmedbert-msmarco,fixed_500,5,labour,urgent,1.0,0.0,0.2,1.0
labour_02,pubmedbert-msmarco,fixed_500,1,labour,urgent,0.0,0.0,0.0,0.0
labour_02,pubmedbert-msmarco,fixed_500,3,labour,urgent,0.0,0.0,0.0,0.0
labour_02,pubmedbert-msmarco,fixed_500,5,labour,urgent,0.0,0.0,0.0,0.0
labour_03,pubmedbert-msmarco,fixed_500,1,labour,urgent,1.0,0.0,0.0,1.0
labour_03,pubmedbert-msmarco,fixed_500,3,labour,urgent,0.6667,0.0,0.0,0.6667
labour_03,pubmedbert-msmarco,fixed_500,5,labour,urgent,0.6,0.0,0.0,0.6
labour_04,pubmedbert-msmarco,fixed_500,1,labour,urgent,1.0,0.0,0.0,1.0
labour_04,pubmedbert-msmarco,fixed_500,3,labour,urgent,1.0,0.0,0.0,1.0
labour_04,pubmedbert-msmarco,fixed_500,5,labour,urgent,1.0,0.0,0.2,1.0
labour_05,pubmedbert-msmarco,fixed_500,1,labour,urgent,1.0,0.0,0.0,1.0
labour_05,pubmedbert-msmarco,fixed_500,3,labour,urgent,0.3333,0.0,0.0,0.3333
labour_05,pubmedbert-msmarco,fixed_500,5,labour,urgent,0.2,0.0,0.0,0.2
labour_06,pubmedbert-msmarco,fixed_500,1,labour,urgent,0.0,0.0,0.0,0.0
labour_06,pubmedbert-msmarco,fixed_500,3,labour,urgent,0.0,0.0,0.0,0.0
labour_06,pubmedbert-msmarco,fixed_500,5,labour,urgent,0.2,0.0,0.0,0.2
labour_07,pubmedbert-msmarco,fixed_500,1,labour,urgent,0.0,0.0,0.0,0.0
labour_07,pubmedbert-msmarco,fixed_500,3,labour,urgent,0.0,0.0,0.0,0.0
labour_07,pubmedbert-msmarco,fixed_500,5,labour,urgent,0.2,0.0,0.0,0.2
labour_08,pubmedbert-msmarco,fixed_500,1,labour,urgent,1.0,0.0,0.0,1.0
labour_08,pubmedbert-msmarco,fixed_500,3,labour,urgent,0.6667,0.0,0.3333,0.6667
labour_08,pubmedbert-msmarco,fixed_500,5,labour,urgent,0.6,0.0,0.2,0.6
labour_09,pubmedbert-msmarco,fixed_500,1,labour,routine,0.0,0.0,0.0,0.0
labour_09,pubmedbert-msmarco,fixed_500,3,labour,routine,0.3333,0.0,0.0,0.3333
labour_09,pubmedbert-msmarco,fixed_500,5,labour,routine,0.6,0.0,0.0,0.6
labour_10,pubmedbert-msmarco,fixed_500,1,labour,routine,1.0,0.0,0.0,1.0
labour_10,pubmedbert-msmarco,fixed_500,3,labour,routine,0.6667,0.0,0.0,0.6667
labour_10,pubmedbert-msmarco,fixed_500,5,labour,routine,0.4,0.0,0.0,0.4
postnatal_01,pubmedbert-msmarco,fixed_500,1,postnatal,urgent,1.0,0.0,0.0,1.0
postnatal_01,pubmedbert-msmarco,fixed_500,3,postnatal,urgent,0.6667,0.3333,0.0,0.3333
postnatal_01,pubmedbert-msmarco,fixed_500,5,postnatal,urgent,0.6,0.2,0.0,0.4
postnatal_02,pubmedbert-msmarco,fixed_500,1,postnatal,urgent,1.0,1.0,0.0,0.0
postnatal_02,pubmedbert-msmarco,fixed_500,3,postnatal,urgent,0.6667,0.3333,0.0,0.3333
postnatal_02,pubmedbert-msmarco,fixed_500,5,postnatal,urgent,0.6,0.2,0.0,0.4
postnatal_03,pubmedbert-msmarco,fixed_500,1,postnatal,urgent,0.0,0.0,0.0,0.0
postnatal_03,pubmedbert-msmarco,fixed_500,3,postnatal,urgent,0.0,0.0,0.0,0.0
postnatal_03,pubmedbert-msmarco,fixed_500,5,postnatal,urgent,0.4,0.0,0.0,0.4
postnatal_04,pubmedbert-msmarco,fixed_500,1,postnatal,urgent,1.0,0.0,0.0,1.0
postnatal_04,pubmedbert-msmarco,fixed_500,3,postnatal,urgent,1.0,0.0,0.0,1.0
postnatal_04,pubmedbert-msmarco,fixed_500,5,postnatal,urgent,1.0,0.0,0.0,1.0
postnatal_05,pubmedbert-msmarco,fixed_500,1,postnatal,urgent,0.0,0.0,0.0,0.0
postnatal_05,pubmedbert-msmarco,fixed_500,3,postnatal,urgent,0.0,0.0,0.0,0.0
postnatal_05,pubmedbert-msmarco,fixed_500,5,postnatal,urgent,0.0,0.0,0.0,0.0
postnatal_06,pubmedbert-msmarco,fixed_500,1,postnatal,urgent,0.0,0.0,0.0,0.0
postnatal_06,pubmedbert-msmarco,fixed_500,3,postnatal,urgent,0.0,0.0,0.0,0.0
postnatal_06,pubmedbert-msmarco,fixed_500,5,postnatal,urgent,0.0,0.0,0.0,0.0
postnatal_07,pubmedbert-msmarco,fixed_500,1,postnatal,urgent,0.0,0.0,0.0,0.0
postnatal_07,pubmedbert-msmarco,fixed_500,3,postnatal,urgent,0.3333,0.3333,0.0,0.0
postnatal_07,pubmedbert-msmarco,fixed_500,5,postnatal,urgent,0.4,0.2,0.0,0.2
postnatal_08,pubmedbert-msmarco,fixed_500,1,postnatal,urgent,0.0,0.0,0.0,0.0
postnatal_08,pubmedbert-msmarco,fixed_500,3,postnatal,urgent,0.3333,0.0,0.0,0.3333
postnatal_08,pubmedbert-msmarco,fixed_500,5,postnatal,urgent,0.2,0.0,0.0,0.2
postnatal_09,pubmedbert-msmarco,fixed_500,1,postnatal,routine,1.0,0.0,0.0,1.0
postnatal_09,pubmedbert-msmarco,fixed_500,3,postnatal,routine,0.6667,0.0,0.0,0.6667
postnatal_09,pubmedbert-msmarco,fixed_500,5,postnatal,routine,0.4,0.0,0.0,0.4
postnatal_10,pubmedbert-msmarco,fixed_500,1,postnatal,routine,0.0,0.0,0.0,0.0
postnatal_10,pubmedbert-msmarco,fixed_500,3,postnatal,routine,0.0,0.0,0.0,0.0
postnatal_10,pubmedbert-msmarco,fixed_500,5,postnatal,routine,0.2,0.0,0.0,0.2
pph_01,pubmedbert-msmarco,fixed_800,1,pph,urgent,0.0,0.0,0.0,0.0
pph_01,pubmedbert-msmarco,fixed_800,3,pph,urgent,0.0,0.0,0.0,0.0
pph_01,pubmedbert-msmarco,fixed_800,5,pph,urgent,0.0,0.0,0.0,0.0
pph_02,pubmedbert-msmarco,fixed_800,1,pph,urgent,0.0,0.0,0.0,0.0
pph_02,pubmedbert-msmarco,fixed_800,3,pph,urgent,0.0,0.0,0.0,0.0
pph_02,pubmedbert-msmarco,fixed_800,5,pph,urgent,0.0,0.0,0.0,0.0
pph_03,pubmedbert-msmarco,fixed_800,1,pph,urgent,1.0,0.0,0.0,1.0
pph_03,pubmedbert-msmarco,fixed_800,3,pph,urgent,0.6667,0.0,0.0,0.6667
pph_03,pubmedbert-msmarco,fixed_800,5,pph,urgent,0.6,0.0,0.0,0.6
pph_04,pubmedbert-msmarco,fixed_800,1,pph,urgent,1.0,0.0,0.0,1.0
pph_04,pubmedbert-msmarco,fixed_800,3,pph,urgent,0.6667,0.0,0.0,0.6667
pph_04,pubmedbert-msmarco,fixed_800,5,pph,urgent,0.4,0.0,0.0,0.4
pph_05,pubmedbert-msmarco,fixed_800,1,pph,urgent,1.0,0.0,0.0,1.0
pph_05,pubmedbert-msmarco,fixed_800,3,pph,urgent,0.6667,0.0,0.0,0.6667
pph_05,pubmedbert-msmarco,fixed_800,5,pph,urgent,0.6,0.0,0.0,0.6
pph_06,pubmedbert-msmarco,fixed_800,1,pph,urgent,0.0,0.0,0.0,0.0
pph_06,pubmedbert-msmarco,fixed_800,3,pph,urgent,0.0,0.0,0.0,0.0
pph_06,pubmedbert-msmarco,fixed_800,5,pph,urgent,0.0,0.0,0.0,0.0
pph_07,pubmedbert-msmarco,fixed_800,1,pph,urgent,1.0,0.0,0.0,1.0
pph_07,pubmedbert-msmarco,fixed_800,3,pph,urgent,0.6667,0.0,0.0,0.6667
pph_07,pubmedbert-msmarco,fixed_800,5,pph,urgent,0.8,0.0,0.0,0.8
pph_08,pubmedbert-msmarco,fixed_800,1,pph,urgent,0.0,0.0,0.0,0.0
pph_08,pubmedbert-msmarco,fixed_800,3,pph,urgent,0.0,0.0,0.0,0.0
pph_08,pubmedbert-msmarco,fixed_800,5,pph,urgent,0.0,0.0,0.0,0.0
pph_09,pubmedbert-msmarco,fixed_800,1,pph,routine,1.0,0.0,0.0,1.0
pph_09,pubmedbert-msmarco,fixed_800,3,pph,routine,0.3333,0.0,0.0,0.3333
pph_09,pubmedbert-msmarco,fixed_800,5,pph,routine,0.4,0.0,0.0,0.4
pph_10,pubmedbert-msmarco,fixed_800,1,pph,routine,0.0,0.0,0.0,0.0
pph_10,pubmedbert-msmarco,fixed_800,3,pph,routine,0.0,0.0,0.0,0.0
pph_10,pubmedbert-msmarco,fixed_800,5,pph,routine,0.0,0.0,0.0,0.0
hypertension_01,pubmedbert-msmarco,fixed_800,1,hypertension,urgent,1.0,1.0,0.0,0.0
hypertension_01,pubmedbert-msmarco,fixed_800,3,hypertension,urgent,1.0,0.3333,0.0,0.6667
hypertension_01,pubmedbert-msmarco,fixed_800,5,hypertension,urgent,1.0,0.2,0.0,0.8
hypertension_02,pubmedbert-msmarco,fixed_800,1,hypertension,urgent,1.0,1.0,0.0,0.0
hypertension_02,pubmedbert-msmarco,fixed_800,3,hypertension,urgent,1.0,0.3333,0.0,0.6667
hypertension_02,pubmedbert-msmarco,fixed_800,5,hypertension,urgent,1.0,0.2,0.0,0.8
hypertension_03,pubmedbert-msmarco,fixed_800,1,hypertension,urgent,1.0,1.0,0.0,0.0
hypertension_03,pubmedbert-msmarco,fixed_800,3,hypertension,urgent,0.6667,0.3333,0.0,0.3333
hypertension_03,pubmedbert-msmarco,fixed_800,5,hypertension,urgent,0.6,0.2,0.0,0.4
hypertension_04,pubmedbert-msmarco,fixed_800,1,hypertension,urgent,1.0,1.0,0.0,0.0
hypertension_04,pubmedbert-msmarco,fixed_800,3,hypertension,urgent,1.0,0.3333,0.0,0.6667
hypertension_04,pubmedbert-msmarco,fixed_800,5,hypertension,urgent,0.6,0.2,0.0,0.4
hypertension_05,pubmedbert-msmarco,fixed_800,1,hypertension,urgent,1.0,1.0,0.0,0.0
hypertension_05,pubmedbert-msmarco,fixed_800,3,hypertension,urgent,1.0,0.3333,0.0,0.6667
hypertension_05,pubmedbert-msmarco,fixed_800,5,hypertension,urgent,0.8,0.2,0.0,0.6
hypertension_06,pubmedbert-msmarco,fixed_800,1,hypertension,urgent,0.0,0.0,0.0,0.0
hypertension_06,pubmedbert-msmarco,fixed_800,3,hypertension,urgent,0.3333,0.3333,0.0,0.0
hypertension_06,pubmedbert-msmarco,fixed_800,5,hypertension,urgent,0.2,0.2,0.0,0.0
hypertension_07,pubmedbert-msmarco,fixed_800,1,hypertension,urgent,0.0,0.0,0.0,0.0
hypertension_07,pubmedbert-msmarco,fixed_800,3,hypertension,urgent,0.0,0.0,0.0,0.0
hypertension_07,pubmedbert-msmarco,fixed_800,5,hypertension,urgent,0.0,0.0,0.0,0.0
hypertension_08,pubmedbert-msmarco,fixed_800,1,hypertension,urgent,0.0,0.0,0.0,0.0
hypertension_08,pubmedbert-msmarco,fixed_800,3,hypertension,urgent,0.0,0.0,0.0,0.0
hypertension_08,pubmedbert-msmarco,fixed_800,5,hypertension,urgent,0.0,0.0,0.0,0.0
hypertension_09,pubmedbert-msmarco,fixed_800,1,hypertension,routine,1.0,0.0,0.0,1.0
hypertension_09,pubmedbert-msmarco,fixed_800,3,hypertension,routine,1.0,0.0,0.0,1.0
hypertension_09,pubmedbert-msmarco,fixed_800,5,hypertension,routine,0.8,0.0,0.0,0.8
hypertension_10,pubmedbert-msmarco,fixed_800,1,hypertension,routine,1.0,0.0,0.0,1.0
hypertension_10,pubmedbert-msmarco,fixed_800,3,hypertension,routine,0.6667,0.0,0.0,0.6667
hypertension_10,pubmedbert-msmarco,fixed_800,5,hypertension,routine,0.6,0.0,0.0,0.6
labour_01,pubmedbert-msmarco,fixed_800,1,labour,urgent,1.0,0.0,0.0,1.0
labour_01,pubmedbert-msmarco,fixed_800,3,labour,urgent,1.0,0.0,0.0,1.0
labour_01,pubmedbert-msmarco,fixed_800,5,labour,urgent,1.0,0.2,0.0,0.8
labour_02,pubmedbert-msmarco,fixed_800,1,labour,urgent,1.0,0.0,0.0,1.0
labour_02,pubmedbert-msmarco,fixed_800,3,labour,urgent,0.3333,0.0,0.0,0.3333
labour_02,pubmedbert-msmarco,fixed_800,5,labour,urgent,0.2,0.0,0.0,0.2
labour_03,pubmedbert-msmarco,fixed_800,1,labour,urgent,1.0,0.0,0.0,1.0
labour_03,pubmedbert-msmarco,fixed_800,3,labour,urgent,0.6667,0.0,0.0,0.6667
labour_03,pubmedbert-msmarco,fixed_800,5,labour,urgent,0.4,0.0,0.0,0.4
labour_04,pubmedbert-msmarco,fixed_800,1,labour,urgent,1.0,0.0,0.0,1.0
labour_04,pubmedbert-msmarco,fixed_800,3,labour,urgent,0.6667,0.0,0.0,0.6667
labour_04,pubmedbert-msmarco,fixed_800,5,labour,urgent,0.6,0.0,0.0,0.6
labour_05,pubmedbert-msmarco,fixed_800,1,labour,urgent,1.0,0.0,0.0,1.0
labour_05,pubmedbert-msmarco,fixed_800,3,labour,urgent,0.3333,0.0,0.0,0.3333
labour_05,pubmedbert-msmarco,fixed_800,5,labour,urgent,0.2,0.0,0.0,0.2
labour_06,pubmedbert-msmarco,fixed_800,1,labour,urgent,1.0,0.0,0.0,1.0
labour_06,pubmedbert-msmarco,fixed_800,3,labour,urgent,0.6667,0.0,0.0,0.6667
labour_06,pubmedbert-msmarco,fixed_800,5,labour,urgent,0.6,0.2,0.0,0.4
labour_07,pubmedbert-msmarco,fixed_800,1,labour,urgent,0.0,0.0,0.0,0.0
labour_07,pubmedbert-msmarco,fixed_800,3,labour,urgent,0.0,0.0,0.0,0.0
labour_07,pubmedbert-msmarco,fixed_800,5,labour,urgent,0.2,0.0,0.0,0.2
labour_08,pubmedbert-msmarco,fixed_800,1,labour,urgent,1.0,0.0,0.0,1.0
labour_08,pubmedbert-msmarco,fixed_800,3,labour,urgent,0.6667,0.0,0.0,0.6667
labour_08,pubmedbert-msmarco,fixed_800,5,labour,urgent,0.4,0.0,0.0,0.4
labour_09,pubmedbert-msmarco,fixed_800,1,labour,routine,1.0,0.0,0.0,1.0
labour_09,pubmedbert-msmarco,fixed_800,3,labour,routine,0.6667,0.0,0.0,0.6667
labour_09,pubmedbert-msmarco,fixed_800,5,labour,routine,0.4,0.0,0.0,0.4
labour_10,pubmedbert-msmarco,fixed_800,1,labour,routine,1.0,0.0,0.0,1.0
labour_10,pubmedbert-msmarco,fixed_800,3,labour,routine,0.6667,0.0,0.0,0.6667
labour_10,pubmedbert-msmarco,fixed_800,5,labour,routine,0.6,0.0,0.0,0.6
postnatal_01,pubmedbert-msmarco,fixed_800,1,postnatal,urgent,1.0,0.0,0.0,1.0
postnatal_01,pubmedbert-msmarco,fixed_800,3,postnatal,urgent,1.0,0.0,0.0,1.0
postnatal_01,pubmedbert-msmarco,fixed_800,5,postnatal,urgent,1.0,0.0,0.0,1.0
postnatal_02,pubmedbert-msmarco,fixed_800,1,postnatal,urgent,1.0,0.0,0.0,1.0
postnatal_02,pubmedbert-msmarco,fixed_800,3,postnatal,urgent,0.6667,0.0,0.0,0.6667
postnatal_02,pubmedbert-msmarco,fixed_800,5,postnatal,urgent,0.6,0.0,0.0,0.6
postnatal_03,pubmedbert-msmarco,fixed_800,1,postnatal,urgent,0.0,0.0,0.0,0.0
postnatal_03,pubmedbert-msmarco,fixed_800,3,postnatal,urgent,0.6667,0.0,0.0,0.6667
postnatal_03,pubmedbert-msmarco,fixed_800,5,postnatal,urgent,0.8,0.0,0.0,0.8
postnatal_04,pubmedbert-msmarco,fixed_800,1,postnatal,urgent,1.0,0.0,0.0,1.0
postnatal_04,pubmedbert-msmarco,fixed_800,3,postnatal,urgent,0.6667,0.0,0.0,0.6667
postnatal_04,pubmedbert-msmarco,fixed_800,5,postnatal,urgent,0.6,0.0,0.0,0.6
postnatal_05,pubmedbert-msmarco,fixed_800,1,postnatal,urgent,1.0,0.0,0.0,1.0
postnatal_05,pubmedbert-msmarco,fixed_800,3,postnatal,urgent,0.6667,0.0,0.0,0.6667
postnatal_05,pubmedbert-msmarco,fixed_800,5,postnatal,urgent,0.8,0.0,0.0,0.8
postnatal_06,pubmedbert-msmarco,fixed_800,1,postnatal,urgent,0.0,0.0,0.0,0.0
postnatal_06,pubmedbert-msmarco,fixed_800,3,postnatal,urgent,0.0,0.0,0.0,0.0
postnatal_06,pubmedbert-msmarco,fixed_800,5,postnatal,urgent,0.0,0.0,0.0,0.0
postnatal_07,pubmedbert-msmarco,fixed_800,1,postnatal,urgent,1.0,0.0,0.0,1.0
postnatal_07,pubmedbert-msmarco,fixed_800,3,postnatal,urgent,0.6667,0.0,0.0,0.6667
postnatal_07,pubmedbert-msmarco,fixed_800,5,postnatal,urgent,0.6,0.0,0.0,0.6
postnatal_08,pubmedbert-msmarco,fixed_800,1,postnatal,urgent,1.0,0.0,0.0,1.0
postnatal_08,pubmedbert-msmarco,fixed_800,3,postnatal,urgent,0.3333,0.0,0.0,0.3333
postnatal_08,pubmedbert-msmarco,fixed_800,5,postnatal,urgent,0.6,0.0,0.0,0.6
postnatal_09,pubmedbert-msmarco,fixed_800,1,postnatal,routine,1.0,0.0,0.0,1.0
postnatal_09,pubmedbert-msmarco,fixed_800,3,postnatal,routine,0.3333,0.0,0.0,0.3333
postnatal_09,pubmedbert-msmarco,fixed_800,5,postnatal,routine,0.4,0.0,0.0,0.4
postnatal_10,pubmedbert-msmarco,fixed_800,1,postnatal,routine,0.0,0.0,0.0,0.0
postnatal_10,pubmedbert-msmarco,fixed_800,3,postnatal,routine,0.6667,0.0,0.0,0.6667
postnatal_10,pubmedbert-msmarco,fixed_800,5,postnatal,routine,0.8,0.0,0.0,0.8
pph_01,pubmedbert-msmarco,para_300,1,pph,urgent,1.0,0.0,0.0,1.0
pph_01,pubmedbert-msmarco,para_300,3,pph,urgent,0.3333,0.0,0.0,0.3333
pph_01,pubmedbert-msmarco,para_300,5,pph,urgent,0.2,0.0,0.0,0.2
pph_02,pubmedbert-msmarco,para_300,1,pph,urgent,0.0,0.0,0.0,0.0
pph_02,pubmedbert-msmarco,para_300,3,pph,urgent,0.0,0.0,0.0,0.0
pph_02,pubmedbert-msmarco,para_300,5,pph,urgent,0.2,0.0,0.0,0.2
pph_03,pubmedbert-msmarco,para_300,1,pph,urgent,1.0,0.0,0.0,1.0
pph_03,pubmedbert-msmarco,para_300,3,pph,urgent,0.6667,0.0,0.0,0.6667
pph_03,pubmedbert-msmarco,para_300,5,pph,urgent,0.6,0.0,0.0,0.6
pph_04,pubmedbert-msmarco,para_300,1,pph,urgent,1.0,0.0,0.0,1.0
pph_04,pubmedbert-msmarco,para_300,3,pph,urgent,0.3333,0.0,0.0,0.3333
pph_04,pubmedbert-msmarco,para_300,5,pph,urgent,0.2,0.0,0.0,0.2
pph_05,pubmedbert-msmarco,para_300,1,pph,urgent,1.0,0.0,0.0,1.0
pph_05,pubmedbert-msmarco,para_300,3,pph,urgent,1.0,0.0,0.0,1.0
pph_05,pubmedbert-msmarco,para_300,5,pph,urgent,0.6,0.0,0.0,0.6
pph_06,pubmedbert-msmarco,para_300,1,pph,urgent,0.0,0.0,0.0,0.0
pph_06,pubmedbert-msmarco,para_300,3,pph,urgent,0.0,0.0,0.0,0.0
pph_06,pubmedbert-msmarco,para_300,5,pph,urgent,0.2,0.0,0.0,0.2
pph_07,pubmedbert-msmarco,para_300,1,pph,urgent,1.0,0.0,0.0,1.0
pph_07,pubmedbert-msmarco,para_300,3,pph,urgent,1.0,0.3333,0.0,0.6667
pph_07,pubmedbert-msmarco,para_300,5,pph,urgent,1.0,0.2,0.0,0.8
pph_08,pubmedbert-msmarco,para_300,1,pph,urgent,0.0,0.0,0.0,0.0
pph_08,pubmedbert-msmarco,para_300,3,pph,urgent,0.0,0.0,0.0,0.0
pph_08,pubmedbert-msmarco,para_300,5,pph,urgent,0.0,0.0,0.0,0.0
pph_09,pubmedbert-msmarco,para_300,1,pph,routine,0.0,0.0,0.0,0.0
pph_09,pubmedbert-msmarco,para_300,3,pph,routine,0.6667,0.0,0.0,0.6667
pph_09,pubmedbert-msmarco,para_300,5,pph,routine,0.6,0.0,0.0,0.6
pph_10,pubmedbert-msmarco,para_300,1,pph,routine,0.0,0.0,0.0,0.0
pph_10,pubmedbert-msmarco,para_300,3,pph,routine,0.3333,0.0,0.0,0.3333
pph_10,pubmedbert-msmarco,para_300,5,pph,routine,0.2,0.0,0.0,0.2
hypertension_01,pubmedbert-msmarco,para_300,1,hypertension,urgent,1.0,0.0,0.0,1.0
hypertension_01,pubmedbert-msmarco,para_300,3,hypertension,urgent,0.6667,0.0,0.0,0.6667
hypertension_01,pubmedbert-msmarco,para_300,5,hypertension,urgent,0.8,0.0,0.0,0.8
hypertension_02,pubmedbert-msmarco,para_300,1,hypertension,urgent,1.0,0.0,0.0,1.0
hypertension_02,pubmedbert-msmarco,para_300,3,hypertension,urgent,1.0,0.0,0.0,1.0
hypertension_02,pubmedbert-msmarco,para_300,5,hypertension,urgent,1.0,0.2,0.0,0.8
hypertension_03,pubmedbert-msmarco,para_300,1,hypertension,urgent,1.0,1.0,0.0,0.0
hypertension_03,pubmedbert-msmarco,para_300,3,hypertension,urgent,0.3333,0.3333,0.0,0.0
hypertension_03,pubmedbert-msmarco,para_300,5,hypertension,urgent,0.4,0.2,0.0,0.2
hypertension_04,pubmedbert-msmarco,para_300,1,hypertension,urgent,1.0,0.0,0.0,1.0
hypertension_04,pubmedbert-msmarco,para_300,3,hypertension,urgent,1.0,0.3333,0.0,0.6667
hypertension_04,pubmedbert-msmarco,para_300,5,hypertension,urgent,0.8,0.2,0.0,0.6
hypertension_05,pubmedbert-msmarco,para_300,1,hypertension,urgent,1.0,0.0,0.0,1.0
hypertension_05,pubmedbert-msmarco,para_300,3,hypertension,urgent,0.6667,0.0,0.0,0.6667
hypertension_05,pubmedbert-msmarco,para_300,5,hypertension,urgent,0.6,0.0,0.0,0.6
hypertension_06,pubmedbert-msmarco,para_300,1,hypertension,urgent,1.0,0.0,0.0,1.0
hypertension_06,pubmedbert-msmarco,para_300,3,hypertension,urgent,0.3333,0.0,0.0,0.3333
hypertension_06,pubmedbert-msmarco,para_300,5,hypertension,urgent,0.2,0.0,0.0,0.2
hypertension_07,pubmedbert-msmarco,para_300,1,hypertension,urgent,0.0,0.0,0.0,0.0
hypertension_07,pubmedbert-msmarco,para_300,3,hypertension,urgent,0.0,0.0,0.0,0.0
hypertension_07,pubmedbert-msmarco,para_300,5,hypertension,urgent,0.2,0.2,0.0,0.0
hypertension_08,pubmedbert-msmarco,para_300,1,hypertension,urgent,0.0,0.0,0.0,0.0
hypertension_08,pubmedbert-msmarco,para_300,3,hypertension,urgent,0.0,0.0,0.0,0.0
hypertension_08,pubmedbert-msmarco,para_300,5,hypertension,urgent,0.0,0.0,0.0,0.0
hypertension_09,pubmedbert-msmarco,para_300,1,hypertension,routine,1.0,1.0,0.0,0.0
hypertension_09,pubmedbert-msmarco,para_300,3,hypertension,routine,1.0,0.3333,0.0,0.6667
hypertension_09,pubmedbert-msmarco,para_300,5,hypertension,routine,0.8,0.2,0.0,0.6
hypertension_10,pubmedbert-msmarco,para_300,1,hypertension,routine,1.0,1.0,0.0,0.0
hypertension_10,pubmedbert-msmarco,para_300,3,hypertension,routine,0.6667,0.3333,0.0,0.3333
hypertension_10,pubmedbert-msmarco,para_300,5,hypertension,routine,0.4,0.2,0.0,0.2
labour_01,pubmedbert-msmarco,para_300,1,labour,urgent,1.0,0.0,0.0,1.0
labour_01,pubmedbert-msmarco,para_300,3,labour,urgent,1.0,0.0,0.0,1.0
labour_01,pubmedbert-msmarco,para_300,5,labour,urgent,1.0,0.0,0.0,1.0
labour_02,pubmedbert-msmarco,para_300,1,labour,urgent,1.0,0.0,0.0,1.0
labour_02,pubmedbert-msmarco,para_300,3,labour,urgent,0.6667,0.0,0.0,0.6667
labour_02,pubmedbert-msmarco,para_300,5,labour,urgent,0.8,0.0,0.0,0.8
labour_03,pubmedbert-msmarco,para_300,1,labour,urgent,1.0,0.0,0.0,1.0
labour_03,pubmedbert-msmarco,para_300,3,labour,urgent,1.0,0.0,0.0,1.0
labour_03,pubmedbert-msmarco,para_300,5,labour,urgent,0.8,0.0,0.0,0.8
labour_04,pubmedbert-msmarco,para_300,1,labour,urgent,1.0,0.0,0.0,1.0
labour_04,pubmedbert-msmarco,para_300,3,labour,urgent,1.0,0.0,0.0,1.0
labour_04,pubmedbert-msmarco,para_300,5,labour,urgent,1.0,0.0,0.0,1.0
labour_05,pubmedbert-msmarco,para_300,1,labour,urgent,0.0,0.0,0.0,0.0
labour_05,pubmedbert-msmarco,para_300,3,labour,urgent,0.3333,0.0,0.0,0.3333
labour_05,pubmedbert-msmarco,para_300,5,labour,urgent,0.4,0.0,0.0,0.4
labour_06,pubmedbert-msmarco,para_300,1,labour,urgent,1.0,0.0,0.0,1.0
labour_06,pubmedbert-msmarco,para_300,3,labour,urgent,0.3333,0.0,0.0,0.3333
labour_06,pubmedbert-msmarco,para_300,5,labour,urgent,0.4,0.0,0.0,0.4
labour_07,pubmedbert-msmarco,para_300,1,labour,urgent,0.0,0.0,0.0,0.0
labour_07,pubmedbert-msmarco,para_300,3,labour,urgent,0.6667,0.0,0.0,0.6667
labour_07,pubmedbert-msmarco,para_300,5,labour,urgent,0.4,0.0,0.0,0.4
labour_08,pubmedbert-msmarco,para_300,1,labour,urgent,1.0,0.0,1.0,1.0
labour_08,pubmedbert-msmarco,para_300,3,labour,urgent,1.0,0.0,0.3333,1.0
labour_08,pubmedbert-msmarco,para_300,5,labour,urgent,0.8,0.0,0.2,0.8
labour_09,pubmedbert-msmarco,para_300,1,labour,routine,1.0,1.0,0.0,0.0
labour_09,pubmedbert-msmarco,para_300,3,labour,routine,1.0,0.3333,0.0,0.6667
labour_09,pubmedbert-msmarco,para_300,5,labour,routine,1.0,0.2,0.0,0.8
labour_10,pubmedbert-msmarco,para_300,1,labour,routine,1.0,0.0,0.0,1.0
labour_10,pubmedbert-msmarco,para_300,3,labour,routine,0.6667,0.0,0.0,0.6667
labour_10,pubmedbert-msmarco,para_300,5,labour,routine,0.8,0.0,0.0,0.8
postnatal_01,pubmedbert-msmarco,para_300,1,postnatal,urgent,0.0,0.0,0.0,0.0
postnatal_01,pubmedbert-msmarco,para_300,3,postnatal,urgent,0.3333,0.0,0.3333,0.3333
postnatal_01,pubmedbert-msmarco,para_300,5,postnatal,urgent,0.4,0.0,0.2,0.4
postnatal_02,pubmedbert-msmarco,para_300,1,postnatal,urgent,1.0,0.0,1.0,1.0
postnatal_02,pubmedbert-msmarco,para_300,3,postnatal,urgent,1.0,0.0,0.3333,1.0
postnatal_02,pubmedbert-msmarco,para_300,5,postnatal,urgent,0.6,0.0,0.2,0.6
postnatal_03,pubmedbert-msmarco,para_300,1,postnatal,urgent,0.0,0.0,0.0,0.0
postnatal_03,pubmedbert-msmarco,para_300,3,postnatal,urgent,0.3333,0.0,0.0,0.3333
postnatal_03,pubmedbert-msmarco,para_300,5,postnatal,urgent,0.4,0.0,0.0,0.4
postnatal_04,pubmedbert-msmarco,para_300,1,postnatal,urgent,1.0,0.0,0.0,1.0
postnatal_04,pubmedbert-msmarco,para_300,3,postnatal,urgent,1.0,0.0,0.0,1.0
postnatal_04,pubmedbert-msmarco,para_300,5,postnatal,urgent,0.8,0.0,0.0,0.8
postnatal_05,pubmedbert-msmarco,para_300,1,postnatal,urgent,0.0,0.0,0.0,0.0
postnatal_05,pubmedbert-msmarco,para_300,3,postnatal,urgent,0.6667,0.0,0.0,0.6667
postnatal_05,pubmedbert-msmarco,para_300,5,postnatal,urgent,0.4,0.0,0.0,0.4
postnatal_06,pubmedbert-msmarco,para_300,1,postnatal,urgent,0.0,0.0,0.0,0.0
postnatal_06,pubmedbert-msmarco,para_300,3,postnatal,urgent,0.0,0.0,0.0,0.0
postnatal_06,pubmedbert-msmarco,para_300,5,postnatal,urgent,0.0,0.0,0.0,0.0
postnatal_07,pubmedbert-msmarco,para_300,1,postnatal,urgent,1.0,0.0,1.0,1.0
postnatal_07,pubmedbert-msmarco,para_300,3,postnatal,urgent,0.3333,0.0,0.3333,0.3333
postnatal_07,pubmedbert-msmarco,para_300,5,postnatal,urgent,0.4,0.0,0.2,0.4
postnatal_08,pubmedbert-msmarco,para_300,1,postnatal,urgent,0.0,0.0,0.0,0.0
postnatal_08,pubmedbert-msmarco,para_300,3,postnatal,urgent,0.3333,0.0,0.0,0.3333
postnatal_08,pubmedbert-msmarco,para_300,5,postnatal,urgent,0.4,0.0,0.0,0.4
postnatal_09,pubmedbert-msmarco,para_300,1,postnatal,routine,1.0,0.0,0.0,1.0
postnatal_09,pubmedbert-msmarco,para_300,3,postnatal,routine,0.3333,0.0,0.0,0.3333
postnatal_09,pubmedbert-msmarco,para_300,5,postnatal,routine,0.4,0.0,0.0,0.4
postnatal_10,pubmedbert-msmarco,para_300,1,postnatal,routine,1.0,0.0,0.0,1.0
postnatal_10,pubmedbert-msmarco,para_300,3,postnatal,routine,0.3333,0.0,0.0,0.3333
postnatal_10,pubmedbert-msmarco,para_300,5,postnatal,routine,0.2,0.0,0.0,0.2
pph_01,pubmedbert-msmarco,para_500,1,pph,urgent,0.0,0.0,0.0,0.0
pph_01,pubmedbert-msmarco,para_500,3,pph,urgent,0.0,0.0,0.0,0.0
pph_01,pubmedbert-msmarco,para_500,5,pph,urgent,0.0,0.0,0.0,0.0
pph_02,pubmedbert-msmarco,para_500,1,pph,urgent,0.0,0.0,0.0,0.0
pph_02,pubmedbert-msmarco,para_500,3,pph,urgent,0.0,0.0,0.0,0.0
pph_02,pubmedbert-msmarco,para_500,5,pph,urgent,0.0,0.0,0.0,0.0
pph_03,pubmedbert-msmarco,para_500,1,pph,urgent,1.0,0.0,0.0,1.0
pph_03,pubmedbert-msmarco,para_500,3,pph,urgent,1.0,0.0,0.0,1.0
pph_03,pubmedbert-msmarco,para_500,5,pph,urgent,0.8,0.0,0.0,0.8
pph_04,pubmedbert-msmarco,para_500,1,pph,urgent,0.0,0.0,0.0,0.0
pph_04,pubmedbert-msmarco,para_500,3,pph,urgent,0.3333,0.0,0.0,0.3333
pph_04,pubmedbert-msmarco,para_500,5,pph,urgent,0.2,0.0,0.0,0.2
pph_05,pubmedbert-msmarco,para_500,1,pph,urgent,1.0,0.0,0.0,1.0
pph_05,pubmedbert-msmarco,para_500,3,pph,urgent,1.0,0.0,0.0,1.0
pph_05,pubmedbert-msmarco,para_500,5,pph,urgent,0.6,0.0,0.0,0.6
pph_06,pubmedbert-msmarco,para_500,1,pph,urgent,0.0,0.0,0.0,0.0
pph_06,pubmedbert-msmarco,para_500,3,pph,urgent,0.0,0.0,0.0,0.0
pph_06,pubmedbert-msmarco,para_500,5,pph,urgent,0.0,0.0,0.0,0.0
pph_07,pubmedbert-msmarco,para_500,1,pph,urgent,1.0,1.0,0.0,0.0
pph_07,pubmedbert-msmarco,para_500,3,pph,urgent,1.0,0.6667,0.0,0.3333
pph_07,pubmedbert-msmarco,para_500,5,pph,urgent,0.8,0.4,0.0,0.4
pph_08,pubmedbert-msmarco,para_500,1,pph,urgent,0.0,0.0,0.0,0.0
pph_08,pubmedbert-msmarco,para_500,3,pph,urgent,0.0,0.0,0.0,0.0
pph_08,pubmedbert-msmarco,para_500,5,pph,urgent,0.2,0.0,0.0,0.2
pph_09,pubmedbert-msmarco,para_500,1,pph,routine,0.0,0.0,0.0,0.0
pph_09,pubmedbert-msmarco,para_500,3,pph,routine,0.3333,0.0,0.0,0.3333
pph_09,pubmedbert-msmarco,para_500,5,pph,routine,0.4,0.0,0.0,0.4
pph_10,pubmedbert-msmarco,para_500,1,pph,routine,0.0,0.0,0.0,0.0
pph_10,pubmedbert-msmarco,para_500,3,pph,routine,0.3333,0.0,0.0,0.3333
pph_10,pubmedbert-msmarco,para_500,5,pph,routine,0.2,0.0,0.0,0.2
hypertension_01,pubmedbert-msmarco,para_500,1,hypertension,urgent,1.0,0.0,0.0,1.0
hypertension_01,pubmedbert-msmarco,para_500,3,hypertension,urgent,1.0,0.0,0.0,1.0
hypertension_01,pubmedbert-msmarco,para_500,5,hypertension,urgent,1.0,0.2,0.0,0.8
hypertension_02,pubmedbert-msmarco,para_500,1,hypertension,urgent,1.0,0.0,0.0,1.0
hypertension_02,pubmedbert-msmarco,para_500,3,hypertension,urgent,1.0,0.0,0.0,1.0
hypertension_02,pubmedbert-msmarco,para_500,5,hypertension,urgent,0.8,0.2,0.0,0.6
hypertension_03,pubmedbert-msmarco,para_500,1,hypertension,urgent,1.0,1.0,0.0,0.0
hypertension_03,pubmedbert-msmarco,para_500,3,hypertension,urgent,0.6667,0.3333,0.0,0.3333
hypertension_03,pubmedbert-msmarco,para_500,5,hypertension,urgent,0.6,0.2,0.0,0.4
hypertension_04,pubmedbert-msmarco,para_500,1,hypertension,urgent,1.0,0.0,0.0,1.0
hypertension_04,pubmedbert-msmarco,para_500,3,hypertension,urgent,0.6667,0.3333,0.0,0.3333
hypertension_04,pubmedbert-msmarco,para_500,5,hypertension,urgent,0.6,0.4,0.0,0.2
hypertension_05,pubmedbert-msmarco,para_500,1,hypertension,urgent,1.0,0.0,0.0,1.0
hypertension_05,pubmedbert-msmarco,para_500,3,hypertension,urgent,0.6667,0.0,0.0,0.6667
hypertension_05,pubmedbert-msmarco,para_500,5,hypertension,urgent,0.8,0.0,0.0,0.8
hypertension_06,pubmedbert-msmarco,para_500,1,hypertension,urgent,0.0,0.0,0.0,0.0
hypertension_06,pubmedbert-msmarco,para_500,3,hypertension,urgent,0.0,0.0,0.0,0.0
hypertension_06,pubmedbert-msmarco,para_500,5,hypertension,urgent,0.2,0.0,0.0,0.2
hypertension_07,pubmedbert-msmarco,para_500,1,hypertension,urgent,0.0,0.0,0.0,0.0
hypertension_07,pubmedbert-msmarco,para_500,3,hypertension,urgent,0.0,0.0,0.0,0.0
hypertension_07,pubmedbert-msmarco,para_500,5,hypertension,urgent,0.2,0.2,0.0,0.0
hypertension_08,pubmedbert-msmarco,para_500,1,hypertension,urgent,0.0,0.0,0.0,0.0
hypertension_08,pubmedbert-msmarco,para_500,3,hypertension,urgent,0.0,0.0,0.0,0.0
hypertension_08,pubmedbert-msmarco,para_500,5,hypertension,urgent,0.0,0.0,0.0,0.0
hypertension_09,pubmedbert-msmarco,para_500,1,hypertension,routine,1.0,0.0,0.0,1.0
hypertension_09,pubmedbert-msmarco,para_500,3,hypertension,routine,1.0,0.0,0.0,1.0
hypertension_09,pubmedbert-msmarco,para_500,5,hypertension,routine,0.6,0.0,0.0,0.6
hypertension_10,pubmedbert-msmarco,para_500,1,hypertension,routine,1.0,0.0,0.0,1.0
hypertension_10,pubmedbert-msmarco,para_500,3,hypertension,routine,0.6667,0.0,0.0,0.6667
hypertension_10,pubmedbert-msmarco,para_500,5,hypertension,routine,0.6,0.0,0.0,0.6
labour_01,pubmedbert-msmarco,para_500,1,labour,urgent,1.0,1.0,0.0,0.0
labour_01,pubmedbert-msmarco,para_500,3,labour,urgent,1.0,0.3333,0.0,0.6667
labour_01,pubmedbert-msmarco,para_500,5,labour,urgent,1.0,0.2,0.0,0.8
labour_02,pubmedbert-msmarco,para_500,1,labour,urgent,0.0,0.0,0.0,0.0
labour_02,pubmedbert-msmarco,para_500,3,labour,urgent,0.3333,0.0,0.0,0.3333
labour_02,pubmedbert-msmarco,para_500,5,labour,urgent,0.4,0.2,0.0,0.2
labour_03,pubmedbert-msmarco,para_500,1,labour,urgent,1.0,1.0,0.0,0.0
labour_03,pubmedbert-msmarco,para_500,3,labour,urgent,0.6667,0.3333,0.0,0.3333
labour_03,pubmedbert-msmarco,para_500,5,labour,urgent,0.8,0.2,0.0,0.6
labour_04,pubmedbert-msmarco,para_500,1,labour,urgent,1.0,0.0,0.0,1.0
labour_04,pubmedbert-msmarco,para_500,3,labour,urgent,1.0,0.3333,0.0,0.6667
labour_04,pubmedbert-msmarco,para_500,5,labour,urgent,1.0,0.2,0.2,0.8
labour_05,pubmedbert-msmarco,para_500,1,labour,urgent,0.0,0.0,0.0,0.0
labour_05,pubmedbert-msmarco,para_500,3,labour,urgent,0.0,0.0,0.0,0.0
labour_05,pubmedbert-msmarco,para_500,5,labour,urgent,0.0,0.0,0.0,0.0
labour_06,pubmedbert-msmarco,para_500,1,labour,urgent,1.0,1.0,0.0,0.0
labour_06,pubmedbert-msmarco,para_500,3,labour,urgent,0.6667,0.3333,0.0,0.3333
labour_06,pubmedbert-msmarco,para_500,5,labour,urgent,0.6,0.2,0.0,0.4
labour_07,pubmedbert-msmarco,para_500,1,labour,urgent,0.0,0.0,0.0,0.0
labour_07,pubmedbert-msmarco,para_500,3,labour,urgent,0.3333,0.3333,0.0,0.0
labour_07,pubmedbert-msmarco,para_500,5,labour,urgent,0.2,0.2,0.0,0.0
labour_08,pubmedbert-msmarco,para_500,1,labour,urgent,1.0,0.0,1.0,1.0
labour_08,pubmedbert-msmarco,para_500,3,labour,urgent,0.6667,0.0,0.3333,0.6667
labour_08,pubmedbert-msmarco,para_500,5,labour,urgent,0.4,0.0,0.2,0.4
labour_09,pubmedbert-msmarco,para_500,1,labour,routine,1.0,0.0,0.0,1.0
labour_09,pubmedbert-msmarco,para_500,3,labour,routine,0.6667,0.0,0.0,0.6667
labour_09,pubmedbert-msmarco,para_500,5,labour,routine,0.6,0.0,0.0,0.6
labour_10,pubmedbert-msmarco,para_500,1,labour,routine,1.0,0.0,0.0,1.0
labour_10,pubmedbert-msmarco,para_500,3,labour,routine,0.6667,0.0,0.0,0.6667
labour_10,pubmedbert-msmarco,para_500,5,labour,routine,0.4,0.0,0.0,0.4
postnatal_01,pubmedbert-msmarco,para_500,1,postnatal,urgent,1.0,0.0,0.0,1.0
postnatal_01,pubmedbert-msmarco,para_500,3,postnatal,urgent,0.3333,0.0,0.0,0.3333
postnatal_01,pubmedbert-msmarco,para_500,5,postnatal,urgent,0.2,0.0,0.0,0.2
postnatal_02,pubmedbert-msmarco,para_500,1,postnatal,urgent,1.0,0.0,1.0,1.0
postnatal_02,pubmedbert-msmarco,para_500,3,postnatal,urgent,0.6667,0.0,0.3333,0.6667
postnatal_02,pubmedbert-msmarco,para_500,5,postnatal,urgent,0.4,0.0,0.2,0.4
postnatal_03,pubmedbert-msmarco,para_500,1,postnatal,urgent,1.0,0.0,0.0,1.0
postnatal_03,pubmedbert-msmarco,para_500,3,postnatal,urgent,0.3333,0.0,0.0,0.3333
postnatal_03,pubmedbert-msmarco,para_500,5,postnatal,urgent,0.2,0.0,0.0,0.2
postnatal_04,pubmedbert-msmarco,para_500,1,postnatal,urgent,1.0,0.0,0.0,1.0
postnatal_04,pubmedbert-msmarco,para_500,3,postnatal,urgent,1.0,0.0,0.0,1.0
postnatal_04,pubmedbert-msmarco,para_500,5,postnatal,urgent,1.0,0.0,0.2,1.0
postnatal_05,pubmedbert-msmarco,para_500,1,postnatal,urgent,0.0,0.0,0.0,0.0
postnatal_05,pubmedbert-msmarco,para_500,3,postnatal,urgent,0.3333,0.0,0.0,0.3333
postnatal_05,pubmedbert-msmarco,para_500,5,postnatal,urgent,0.6,0.0,0.2,0.6
postnatal_06,pubmedbert-msmarco,para_500,1,postnatal,urgent,0.0,0.0,0.0,0.0
postnatal_06,pubmedbert-msmarco,para_500,3,postnatal,urgent,0.0,0.0,0.0,0.0
postnatal_06,pubmedbert-msmarco,para_500,5,postnatal,urgent,0.0,0.0,0.0,0.0
postnatal_07,pubmedbert-msmarco,para_500,1,postnatal,urgent,0.0,0.0,0.0,0.0
postnatal_07,pubmedbert-msmarco,para_500,3,postnatal,urgent,0.3333,0.0,0.3333,0.3333
postnatal_07,pubmedbert-msmarco,para_500,5,postnatal,urgent,0.4,0.0,0.2,0.4
postnatal_08,pubmedbert-msmarco,para_500,1,postnatal,urgent,0.0,0.0,0.0,0.0
postnatal_08,pubmedbert-msmarco,para_500,3,postnatal,urgent,0.0,0.0,0.0,0.0
postnatal_08,pubmedbert-msmarco,para_500,5,postnatal,urgent,0.0,0.0,0.0,0.0
postnatal_09,pubmedbert-msmarco,para_500,1,postnatal,routine,1.0,1.0,0.0,0.0
postnatal_09,pubmedbert-msmarco,para_500,3,postnatal,routine,0.3333,0.3333,0.0,0.0
postnatal_09,pubmedbert-msmarco,para_500,5,postnatal,routine,0.2,0.2,0.0,0.0
postnatal_10,pubmedbert-msmarco,para_500,1,postnatal,routine,1.0,1.0,0.0,0.0
postnatal_10,pubmedbert-msmarco,para_500,3,postnatal,routine,0.3333,0.3333,0.0,0.0
postnatal_10,pubmedbert-msmarco,para_500,5,postnatal,routine,0.2,0.2,0.0,0.0
pph_01,pubmedbert-msmarco,para_800,1,pph,urgent,0.0,0.0,0.0,0.0
pph_01,pubmedbert-msmarco,para_800,3,pph,urgent,0.0,0.0,0.0,0.0
pph_01,pubmedbert-msmarco,para_800,5,pph,urgent,0.0,0.0,0.0,0.0
pph_02,pubmedbert-msmarco,para_800,1,pph,urgent,0.0,0.0,0.0,0.0
pph_02,pubmedbert-msmarco,para_800,3,pph,urgent,0.0,0.0,0.0,0.0
pph_02,pubmedbert-msmarco,para_800,5,pph,urgent,0.0,0.0,0.0,0.0
pph_03,pubmedbert-msmarco,para_800,1,pph,urgent,1.0,0.0,0.0,1.0
pph_03,pubmedbert-msmarco,para_800,3,pph,urgent,0.3333,0.0,0.0,0.3333
pph_03,pubmedbert-msmarco,para_800,5,pph,urgent,0.2,0.0,0.0,0.2
pph_04,pubmedbert-msmarco,para_800,1,pph,urgent,0.0,0.0,0.0,0.0
pph_04,pubmedbert-msmarco,para_800,3,pph,urgent,0.3333,0.0,0.0,0.3333
pph_04,pubmedbert-msmarco,para_800,5,pph,urgent,0.2,0.0,0.0,0.2
pph_05,pubmedbert-msmarco,para_800,1,pph,urgent,1.0,0.0,0.0,1.0
pph_05,pubmedbert-msmarco,para_800,3,pph,urgent,0.6667,0.0,0.0,0.6667
pph_05,pubmedbert-msmarco,para_800,5,pph,urgent,0.4,0.0,0.0,0.4
pph_06,pubmedbert-msmarco,para_800,1,pph,urgent,0.0,0.0,0.0,0.0
pph_06,pubmedbert-msmarco,para_800,3,pph,urgent,0.0,0.0,0.0,0.0
pph_06,pubmedbert-msmarco,para_800,5,pph,urgent,0.0,0.0,0.0,0.0
pph_07,pubmedbert-msmarco,para_800,1,pph,urgent,1.0,1.0,0.0,0.0
pph_07,pubmedbert-msmarco,para_800,3,pph,urgent,0.6667,0.3333,0.0,0.3333
pph_07,pubmedbert-msmarco,para_800,5,pph,urgent,0.8,0.2,0.0,0.6
pph_08,pubmedbert-msmarco,para_800,1,pph,urgent,0.0,0.0,0.0,0.0
pph_08,pubmedbert-msmarco,para_800,3,pph,urgent,0.0,0.0,0.0,0.0
pph_08,pubmedbert-msmarco,para_800,5,pph,urgent,0.0,0.0,0.0,0.0
pph_09,pubmedbert-msmarco,para_800,1,pph,routine,1.0,0.0,0.0,1.0
pph_09,pubmedbert-msmarco,para_800,3,pph,routine,0.3333,0.0,0.0,0.3333
pph_09,pubmedbert-msmarco,para_800,5,pph,routine,0.2,0.0,0.0,0.2
pph_10,pubmedbert-msmarco,para_800,1,pph,routine,0.0,0.0,0.0,0.0
pph_10,pubmedbert-msmarco,para_800,3,pph,routine,0.0,0.0,0.0,0.0
pph_10,pubmedbert-msmarco,para_800,5,pph,routine,0.0,0.0,0.0,0.0
hypertension_01,pubmedbert-msmarco,para_800,1,hypertension,urgent,1.0,0.0,0.0,1.0
hypertension_01,pubmedbert-msmarco,para_800,3,hypertension,urgent,1.0,0.0,0.0,1.0
hypertension_01,pubmedbert-msmarco,para_800,5,hypertension,urgent,1.0,0.2,0.0,0.8
hypertension_02,pubmedbert-msmarco,para_800,1,hypertension,urgent,1.0,0.0,0.0,1.0
hypertension_02,pubmedbert-msmarco,para_800,3,hypertension,urgent,1.0,0.0,0.0,1.0
hypertension_02,pubmedbert-msmarco,para_800,5,hypertension,urgent,1.0,0.2,0.0,0.8
hypertension_03,pubmedbert-msmarco,para_800,1,hypertension,urgent,1.0,0.0,0.0,1.0
hypertension_03,pubmedbert-msmarco,para_800,3,hypertension,urgent,0.3333,0.0,0.0,0.3333
hypertension_03,pubmedbert-msmarco,para_800,5,hypertension,urgent,0.4,0.0,0.0,0.4
hypertension_04,pubmedbert-msmarco,para_800,1,hypertension,urgent,1.0,0.0,0.0,1.0
hypertension_04,pubmedbert-msmarco,para_800,3,hypertension,urgent,1.0,0.3333,0.0,0.6667
hypertension_04,pubmedbert-msmarco,para_800,5,hypertension,urgent,0.8,0.2,0.0,0.6
hypertension_05,pubmedbert-msmarco,para_800,1,hypertension,urgent,1.0,0.0,0.0,1.0
hypertension_05,pubmedbert-msmarco,para_800,3,hypertension,urgent,0.6667,0.0,0.0,0.6667
hypertension_05,pubmedbert-msmarco,para_800,5,hypertension,urgent,0.6,0.0,0.0,0.6
hypertension_06,pubmedbert-msmarco,para_800,1,hypertension,urgent,0.0,0.0,0.0,0.0
hypertension_06,pubmedbert-msmarco,para_800,3,hypertension,urgent,0.0,0.0,0.0,0.0
hypertension_06,pubmedbert-msmarco,para_800,5,hypertension,urgent,0.0,0.0,0.0,0.0
hypertension_07,pubmedbert-msmarco,para_800,1,hypertension,urgent,0.0,0.0,0.0,0.0
hypertension_07,pubmedbert-msmarco,para_800,3,hypertension,urgent,0.0,0.0,0.0,0.0
hypertension_07,pubmedbert-msmarco,para_800,5,hypertension,urgent,0.0,0.0,0.0,0.0
hypertension_08,pubmedbert-msmarco,para_800,1,hypertension,urgent,0.0,0.0,0.0,0.0
hypertension_08,pubmedbert-msmarco,para_800,3,hypertension,urgent,0.0,0.0,0.0,0.0
hypertension_08,pubmedbert-msmarco,para_800,5,hypertension,urgent,0.0,0.0,0.0,0.0
hypertension_09,pubmedbert-msmarco,para_800,1,hypertension,routine,1.0,0.0,0.0,1.0
hypertension_09,pubmedbert-msmarco,para_800,3,hypertension,routine,1.0,0.0,0.0,1.0
hypertension_09,pubmedbert-msmarco,para_800,5,hypertension,routine,0.6,0.0,0.0,0.6
hypertension_10,pubmedbert-msmarco,para_800,1,hypertension,routine,1.0,0.0,0.0,1.0
hypertension_10,pubmedbert-msmarco,para_800,3,hypertension,routine,0.6667,0.0,0.0,0.6667
hypertension_10,pubmedbert-msmarco,para_800,5,hypertension,routine,0.4,0.0,0.0,0.4
labour_01,pubmedbert-msmarco,para_800,1,labour,urgent,1.0,1.0,0.0,0.0
labour_01,pubmedbert-msmarco,para_800,3,labour,urgent,1.0,0.3333,0.3333,0.6667
labour_01,pubmedbert-msmarco,para_800,5,labour,urgent,1.0,0.2,0.2,0.8
labour_02,pubmedbert-msmarco,para_800,1,labour,urgent,0.0,0.0,0.0,0.0
labour_02,pubmedbert-msmarco,para_800,3,labour,urgent,0.0,0.0,0.0,0.0
labour_02,pubmedbert-msmarco,para_800,5,labour,urgent,0.0,0.0,0.0,0.0
labour_03,pubmedbert-msmarco,para_800,1,labour,urgent,1.0,1.0,0.0,0.0
labour_03,pubmedbert-msmarco,para_800,3,labour,urgent,1.0,0.3333,0.0,0.6667
labour_03,pubmedbert-msmarco,para_800,5,labour,urgent,0.6,0.2,0.0,0.4
labour_04,pubmedbert-msmarco,para_800,1,labour,urgent,1.0,0.0,1.0,1.0
labour_04,pubmedbert-msmarco,para_800,3,labour,urgent,1.0,0.0,0.3333,1.0
labour_04,pubmedbert-msmarco,para_800,5,labour,urgent,0.8,0.2,0.2,0.6
labour_05,pubmedbert-msmarco,para_800,1,labour,urgent,1.0,0.0,0.0,1.0
labour_05,pubmedbert-msmarco,para_800,3,labour,urgent,0.3333,0.0,0.0,0.3333
labour_05,pubmedbert-msmarco,para_800,5,labour,urgent,0.2,0.0,0.0,0.2
labour_06,pubmedbert-msmarco,para_800,1,labour,urgent,1.0,1.0,0.0,0.0
labour_06,pubmedbert-msmarco,para_800,3,labour,urgent,0.6667,0.3333,0.0,0.3333
labour_06,pubmedbert-msmarco,para_800,5,labour,urgent,0.4,0.2,0.0,0.2
labour_07,pubmedbert-msmarco,para_800,1,labour,urgent,0.0,0.0,0.0,0.0
labour_07,pubmedbert-msmarco,para_800,3,labour,urgent,0.0,0.0,0.0,0.0
labour_07,pubmedbert-msmarco,para_800,5,labour,urgent,0.2,0.0,0.0,0.2
labour_08,pubmedbert-msmarco,para_800,1,labour,urgent,1.0,0.0,1.0,1.0
labour_08,pubmedbert-msmarco,para_800,3,labour,urgent,0.3333,0.0,0.3333,0.3333
labour_08,pubmedbert-msmarco,para_800,5,labour,urgent,0.4,0.0,0.2,0.4
labour_09,pubmedbert-msmarco,para_800,1,labour,routine,1.0,1.0,0.0,0.0
labour_09,pubmedbert-msmarco,para_800,3,labour,routine,0.6667,0.3333,0.0,0.3333
labour_09,pubmedbert-msmarco,para_800,5,labour,routine,0.8,0.2,0.0,0.6
labour_10,pubmedbert-msmarco,para_800,1,labour,routine,1.0,0.0,0.0,1.0
labour_10,pubmedbert-msmarco,para_800,3,labour,routine,0.6667,0.0,0.0,0.6667
labour_10,pubmedbert-msmarco,para_800,5,labour,routine,0.6,0.2,0.0,0.4
postnatal_01,pubmedbert-msmarco,para_800,1,postnatal,urgent,1.0,0.0,0.0,1.0
postnatal_01,pubmedbert-msmarco,para_800,3,postnatal,urgent,0.6667,0.0,0.0,0.6667
postnatal_01,pubmedbert-msmarco,para_800,5,postnatal,urgent,0.6,0.0,0.0,0.6
postnatal_02,pubmedbert-msmarco,para_800,1,postnatal,urgent,1.0,0.0,0.0,1.0
postnatal_02,pubmedbert-msmarco,para_800,3,postnatal,urgent,0.6667,0.0,0.3333,0.6667
postnatal_02,pubmedbert-msmarco,para_800,5,postnatal,urgent,0.8,0.0,0.2,0.8
postnatal_03,pubmedbert-msmarco,para_800,1,postnatal,urgent,0.0,0.0,0.0,0.0
postnatal_03,pubmedbert-msmarco,para_800,3,postnatal,urgent,0.3333,0.0,0.0,0.3333
postnatal_03,pubmedbert-msmarco,para_800,5,postnatal,urgent,0.4,0.0,0.0,0.4
postnatal_04,pubmedbert-msmarco,para_800,1,postnatal,urgent,1.0,0.0,0.0,1.0
postnatal_04,pubmedbert-msmarco,para_800,3,postnatal,urgent,0.6667,0.0,0.0,0.6667
postnatal_04,pubmedbert-msmarco,para_800,5,postnatal,urgent,0.8,0.0,0.0,0.8
postnatal_05,pubmedbert-msmarco,para_800,1,postnatal,urgent,1.0,0.0,0.0,1.0
postnatal_05,pubmedbert-msmarco,para_800,3,postnatal,urgent,0.3333,0.0,0.0,0.3333
postnatal_05,pubmedbert-msmarco,para_800,5,postnatal,urgent,0.4,0.0,0.0,0.4
postnatal_06,pubmedbert-msmarco,para_800,1,postnatal,urgent,0.0,0.0,0.0,0.0
postnatal_06,pubmedbert-msmarco,para_800,3,postnatal,urgent,0.0,0.0,0.0,0.0
postnatal_06,pubmedbert-msmarco,para_800,5,postnatal,urgent,0.0,0.0,0.0,0.0
postnatal_07,pubmedbert-msmarco,para_800,1,postnatal,urgent,0.0,0.0,0.0,0.0
postnatal_07,pubmedbert-msmarco,para_800,3,postnatal,urgent,0.0,0.0,0.0,0.0
postnatal_07,pubmedbert-msmarco,para_800,5,postnatal,urgent,0.4,0.0,0.0,0.4
postnatal_08,pubmedbert-msmarco,para_800,1,postnatal,urgent,0.0,0.0,0.0,0.0
postnatal_08,pubmedbert-msmarco,para_800,3,postnatal,urgent,0.0,0.0,0.0,0.0
postnatal_08,pubmedbert-msmarco,para_800,5,postnatal,urgent,0.2,0.0,0.0,0.2
postnatal_09,pubmedbert-msmarco,para_800,1,postnatal,routine,1.0,0.0,0.0,1.0
postnatal_09,pubmedbert-msmarco,para_800,3,postnatal,routine,0.6667,0.0,0.0,0.6667
postnatal_09,pubmedbert-msmarco,para_800,5,postnatal,routine,0.4,0.0,0.0,0.4
postnatal_10,pubmedbert-msmarco,para_800,1,postnatal,routine,0.0,0.0,0.0,0.0
postnatal_10,pubmedbert-msmarco,para_800,3,postnatal,routine,0.0,0.0,0.0,0.0
postnatal_10,pubmedbert-msmarco,para_800,5,postnatal,routine,0.2,0.0,0.0,0.2
